212598799	212598806,212691085,5750012579
212598806	212598799
212598955	212598957,212599033,212713497
212598957	212662354,212598961,212599037
212598961	212598963
212598963	212598966,596457233
212598966	212667895,212598968
212598968	212599048,212598978,212631465
212598978	212598981,212667898
212598981	5755193396,212658702
212598987	212599070,212685940
212599033	5754864982,212713502,212598955
212599037	212599033,212662380,212598957
212599040	212618915,212599037
212599044	212599040
212599048	212598968,212599044,212631472
212599067	212618274,212599048
212599070	212599067,212869650,212598987
212599182	212599185,212751457,212694326
212599185	212599182,212730655,212599187
212599187	212599185,212867407,212847834
212599396	212887786,212728623,212599399
212599399	212599402,212728627,212599396,212844041
212599402	212599405,212599399,212849518,212728630
212599405	212599402
212599414	212599417
212599417	212599420,212599414,212772881
212599420	3092206402,212599417,212836562
212599422	212599425,3092206402,7244946461,212726769
212599425	212599428,212599422,212721240
212599428	5779586291,212599425,212649491
212599436	212728701,5780078922,212599439,5779586291
212599439	212599442,212847333,212599436
212599442	212599445,212599439,212865879
212599445	212599449,212599442,5780092910,5780078918
212599449	212599455,212599445,5780078925,212766069
212599455	212599465,212599449,5780078915,212865882
212599465	212599482,212599455,212795393,212772910
212599482	212599465,212865888,212921912
212599677	212715922,212599680,212715919
212599680	212599683,212768435,212599677
212599683	212599687,212599680,212751377
212599687	212599691,212599683,212822116
212599691	212599695,212599687,212907364
212599695	212599691,212631869,212631871
212600519	212836668,212642966,4308105444
212600981	212691153,382623963
212601236	212608772
212601250	212669836,212677084
212601283	212615424,212740204
212601389	212691098
212601407	212601449,212655329,212937563
212601449	596455861
212601473	212726854,1143413877
212601500	212631643
212601502	212631641,212681106,212808916
212602178	212602231,559370532
212602231	212712268,212602245
212602245	212712268,212712275
212602261	5755193396
212602671	212602711,212715619
212602711	212602671,212715605
212603138	5647064409,212709853,212610531
212603204	212603207
212603207	212623668
212603580	212603582,212603586
212603582	212715875,212603586,212612619
212603586	212613416
212603608	212601500,924789575
212603854	212859870,4123836606
212604378	212610221,5701015016
212604386	212604378
212604410	457799217,212604432
212604432	212731092,212763134,212858130
212604523	212650467,3092242313,1937571844,212933212
212605092	212662481
212605574	212638165
212606996	1937571829,212607014
212607014	212753956,5650209494,212607032
212607032	212612618
212607173	212607180,212607190
212607180	212711088,212607190,212890726,212615264
212607190	212619523
212607199	212598961,596457233
212607356	212738865
212608772	212643864,1937571858,212612766
212608828	5745991829,212681118,7775034924
212609172	212692019
212609175	212609172,212609178,212638212
212609178	212638165,212609175,212812202,212857300
212609543	212610699,212679120,212610673
212609943	212609949,212618056
212609949	5802926108
212610221	212610224
212610224	212612763
212610230	212615839,212713364
212610247	212625706,212713364,212713366
212610531	212603138,212709852
212610658	822472510,1937572775,212801017
212610662	3849204653,1037218612
212610673	212609543,212863846
212610699	212609543
212611316	5648608718
212611365	212749148,5326532377
212611370	212712182,212614918,212611396,5744725761
212611396	212611399,212713364,212668842
212611399	212611429,212610230
212611429	212603608
212611779	212616167,5827966648
212611870	212677040,212610221,5706012661
212612030	5703334985,5701015018
212612618	5650123982,212612619
212612619	5650123982,212715866,212603582
212612667	212616070
212612704	5688907855,212814442,5688907865,212662512
212612714	212830934,5692019244
212612763	212612766,212612774
212612766	212702094,212608772,212643852
212612771	212702086,212612774
212612774	212614440
212612865	212794840
212613416	212613419,212613420
212613419	212613420,212753956,212841339
212613420	212607173
212613869	212857297,212857303
212614433	1937571851,212662519
212614440	1937571854,560216475
212614775	212692181,212669815,212728664
212614778	3092206370,212650716
212614918	5740308855,924798488,1141792396
212615264	212803208,212607180,212612667
212615424	212669847,212669836
212615664	212615667,822473224,212631644,212631643
212615667	212617555
212615839	212610247,212610230,212668853
212616070	212606996,212607032
212616121	5827966648
212616167	212737028
212616681	212971974,212620003,212776857,10032641679
212617538	5654527629,387546508
212617555	212617575,5674006678
212617575	212610230
212618056	212609943,212889396
212618066	7768165296,212627979,7775034924
212618274	596457246
212618660	212836624
212618665	212836618
212618915	5754864982
212619377	212667276,5647064409,212681125
212619523	212619563,5659613295
212619563	212714285
212620003	212864074,3415688729,212616681
212621622	1143414002,212726841,5766681350
212622550	212622552,212766163,212766165
212622552	212622550,212871144,212807753
212622561	212898616,212688758,212622567
212622567	212622570,212721837,212622561
212622570	212622574,212622567,212880256
212622574	212622579,212622570,212796957
212622579	212622574,212685136,212721848
212622666	212622670
212622670	212622666,212727250,212622714
212622714	212622670
212623547	212804237,212623549,212645414
212623549	212623551,212720922,212623547
212623551	212623553,212623549,212720926,212645417
212623553	212623557,212623551,212673160,212645421
212623557	212623553,212680129,212623560,212680126
212623560	212623563,212719205,212719202,212623557
212623563	212676347,212623569,212623560,5842884707
212623569	212721910,212623572,212623563,212769027
212623572	212678193,212623569,212769024
212623593	212623597,212756608,212785314
212623597	212623593,212698597,212751444
212623658	5646805086,5325104483,212859898
212623668	5646744734,212623672
212623672	212623668,212623676,212940245
212623676	212823511,212701247,212623672,212623679
212623679	212623682,212769278,212623676
212623682	212623679,212623685,212769253
212623685	212623682,212623688,212887533
212623688	212623685,212623691
212623691	212623695,212899585,212769231,212623688
212623695	212623691,212629124,212629121,212623698
212623698	212709851,3236892829,212623695
212623887	212643310,212650410
212623889	212623887,212827025,212754850
212623891	212623889,212713439,212713431
212624271	212624273,212870695,212870665
212624273	212713558,212624271,212713556
212624278	212624281,212785720,212785718
212624281	212912137,212624285,212624278
212624285	212665158,212624281,212665154
212624420	212684244,212624424,212808729
212624424	212650631,212765274,212624420
212624729	212624731
212624731	212624729,212850913,212812471
212624736	212624737,212765257,212765259
212624737	212624740,212624736,212624950,212624947
212624740	212624737,212673089,212787668
212624902	1153615475,1153615371
212624908	212624902,212970629,212909806
212624909	212754598,212754594,212624908
212624911	212624909,212839866,212839872
212624913	212624911,212624922,212668476
212624922	212668478,212676704,212624937,212624913
212624937	212624940,212677790,212624922,212650632
212624940	212624944,212624937,212787662,212650634
212624944	212624947,212624940,212650636,212787665
212624947	212624944,212787668,212624737,212765260
212624950	212624737,212673147,212673089
212625254	4304816006
212625412	212832768,212625414,5757803308
212625414	212631451,212625412,212631455
212625533	212863156,212863159
212625650	212625652,212675308,5757803309
212625652	212625650,212631457,212631455
212625688	212724662,6254159903,212676875
212625691	212625692,6254159903,6254159904
212625692	212625691,212625696,212738019,212738015
212625696	212625698,212625692,212968270
212625698	212625696,212844030,212902662
212625706	924798483
212625902	5773699633,5776017347
212625920	212625924,5776017347,212950978
212625924	212625930,212625920,212766094,212766092
212625930	212625934,212625924,212684256
212625934	212625930,212899320,212642998
212625950	212785923,5773699633,5773703888
212625990	212625993,212792621,212792617
212625993	212625997,212625990,212710810,212710808
212625997	212625993,212732386,5706174537
212626021	212626024,212814850,212712523
212626024	212626021,212626028,212728266
212626028	212626024,212814850,212814869
212626130	212626133,212670532,212643431
212626133	212626130
212626374	212715909,212715905
212626681	212626683,212839961,212839964
212626683	212626685,212842940,212899183,212626681
212626685	212626683,212842956,212899185,212626687
212626687	212842960,212846796,212626685
212626897	212626899,5700941729
212626899	212626897
212627890	212627896,212669033,212894208
212627896	212627899,212795420,212627890
212627899	212627896,212627904
212627904	212627907,212669043,212627899,212729193
212627907	212627904,212627909
212627909	212669050,212627933,212714294,212627907
212627933	212627936,212627909,3665094176
212627936	212627933,212627949,5652164885
212627949	212913950,212627953,212627936
212627953	212627949,212863156,212863153,3150030763
212627954	212754669,3150030765,212627957
212627957	924745258,212627954,212627960
212627960	212627957,212839905,212627965
212627965	212688668,212627960,212627970
212627970	212627971,212627965,212859875,212780645
212627971	212759215,212627970,212627974
212627974	212780647,212627971,212627979
212627979	212618066,212627974,7775034925
212627984	7775034925,7775034922,212627987
212627987	212627989,212884721,212633578,212627984
212627989	212627992,212917765,212705182,212627987
212627992	212627989,212703095,212703098
212628000	212628001,212703152,212898240
212628001	212628000,212631830,212631828
212628116	212839978,212628119,212759637
212628119	212859894,212628122,212628116,212832021
212628122	212628125,212628119
212628125	212628122,212681206,212681204
212628149	212628155,212685719,212685717
212628155	212628149,212722447,212694334
212628461	212628464,212869638,5757808723
212628464	212628461
212628477	212715661,212711644
212629117	212629121,212709849,212870733
212629121	212623695,212629117,212769231
212629124	212899585,212623695,212709852
212629283	212629298,212629286,212651620
212629286	212732376,212629283,212671951
212629295	212834889,212651617,212629298
212629298	212732373,212629283,212629295
212629553	212629557
212629557	212629561,212629553,212904184,212953790
212629561	212629557,212782009,212782005,212629563
212629563	212629561
212629571	212629572,212777707,212745151
212629572	212629575,212629571,212745154
212629575	3640000651,212629572
212629926	212866252
212629938	212629941,212808650
212629941	212629938
212629988	212629991,212631434,212631438
212629991	212629988,212685713,212685716
212630295	212709814,5741818513,212659261
212630422	212630424,212711073,212663709
212630424	212630426,212630422,212890741
212630426	212630424,212863159
212630438	212663734,212630441,212678169
212630441	5743055684
212630444	212761976,5799502951
212630450	5743055675,212761982,212630444
212630609	212630613,212737025
212630613	212848943,212848940,212630609
212631301	11497830562,212685595,822473224
212631305	212850913,11497830554,212631315
212631315	212631305,212631326
212631326	212800565,212631315,212631329
212631329	212631331,212685619,212631326
212631331	212750305,212631329,212631333
212631333	212685628,212631331,212631335
212631335	212631338,212685631,212631333
212631338	212631335,212750305,212631341
212631341	212753020,212631338,212631346
212631346	212935606,212760579,212631341,212631349
212631349	5799924878,212779507,212631346
212631352	5799924878,212631355,212685653
212631355	212779509,212631352,212631357
212631357	212685657,212631355,212631359
212631359	212779516,212631357,212631362
212631362	212631359,212631366
212631366	212631362,212631369
212631369	212907280,212631366,212631372
212631372	212685666,212631369,212631375
212631375	212631372,212643346,212643343,212631378
212631378	212749506,212631382,212631375
212631382	212685673,212749509,212631386,212631378
212631386	212749513,212631382,212631389
212631389	212749515,212631391,212685678,212631386
212631391	212721917,212685682,212631389,212631394
212631394	212949329,212631391,212631397
212631397	212685686,212631394,212631399
212631399	212685688,212631397,212631403
212631403	212631399,212745051,212631405
212631405	212890871,212685698,212631409,212631403
212631409	212631413,212631405
212631413	212800429,212631417,212631409
212631417	212631413,212631419,212685708
212631419	212821988,212631417,212631422
212631422	212631419,212631424,212685710
212631424	212890877,212631422,212631429
212631429	212631424,212631434,212685713
212631434	212890879,212631429,212629988
212631438	5757803307,212629988,212631442
212631442	212631438,212631445,212685717
212631445	212788397,212631442,212631447
212631447	212631445,212631448,212685719
212631448	212631447,212832768,212631451
212631451	212625414,212685724,212631448
212631455	5757803309,212874482,212625652,212625414
212631457	212675308,212625652,212631459
212631459	212805588,212631457,212631462
212631462	212920746,212631459,5757787492
212631465	5757787492,212667898,212598968
212631472	212657249,212599048
212631625	212631632,212711103,212787052,212859868
212631632	212880657,212631636,212631625
212631636	1409344821,212631632,212898197,212825565
212631641	212631643,1409344821,212681115,212601502
212631643	212615664,212631641
212631644	212770200,212631646,212615664
212631646	212631648,212833603,212631644
212631648	212758722,212631649,212631646
212631649	212631653,212631648,212656004
212631653	212796358,212631656,212631649
212631656	212631653,212656004,212656007,212631666
212631666	212699605,212631673,212631656
212631673	212974605,212631666,212631676
212631676	212631678,212631673
212631678	212832368,212631676,212631683
212631683	212707907,212796370,212631678
212631802	212631806,212679120,212852325
212631806	212631810,212631802,212799768
212631810	212631806,212631813,212784946
212631813	212631810,212631820,212852325
212631820	212631813,9735631032,212631828,212712533
212631828	212703152,212628001,212712536,212631820
212631830	212657718,212631835,212628001
212631835	212631830,212743434,212631838
212631838	212726977,212732367,212631848,212631835
212631848	212884350,212743429,212631858,212631838
212631858	212631848,212631863,212753158
212631863	212884347,212631858,212631869,212699148
212631869	212599695,212907364,212631863
212631871	212631873,212715924,212599695
212631873	212631876,212631871
212631876	212631879,212631873,212715927
212631879	212631882,212631876
212631882	212631885,212631879,212715934
212631885	212631887,212631882
212631887	212631890,212631885,212715943
212631890	212631893,212631887
212631893	212631895,212631890,212687863
212631895	212631893,212631898
212631898	212631900,212631895
212631900	212715957,212715950,212631898
212631913	212728141,212727332
212631916	212631913,212668904,212668902
212632056	212632059,212796627,212882772
212632059	212632066,212632056,212882776,212796630
212632066	212632059,212729286,212729281
212632079	212632082,212693957,212888550
212632082	212632086,212632079,212715961
212632086	212632082,212632102,212715966
212632102	212697035,212697032,212632105,212632086
212632105	212643476,212643478,212632102
212632971	212632974,212683426,212713466
212632974	212692865,212636852
212633047	212633051,212763276,212888539
212633051	212633047,212756698,212633053
212633053	212633055,212633051,212696988,212696984
212633055	212633053,212643431,212643433
212633065	212633068,212651608,212768221
212633068	212633065,212651620,212765245
212633134	212850067,212822668,212633137
212633137	10879455354,212759880,212759878,212633134
212633140	212760024,212822683,10879455354
212633568	212780647,7768165297,4123836606,212810486
212633578	212705179,212627987,5745991829,7775034922
212633586	212679758,212850787,212705209,212850771
212633592	5761184744,212712176,11331117523
212633598	212633600,212692842,212775800
212633600	212633598,212692845,212717072
212636358	212882772,2942744969
212636445	212636450
212636450	212636445,212866252
212636852	212632974,212728162,212636856
212636856	212668930,212668927,212636852
212636952	212636956,212864373,212792453
212636956	212699140,212636952,212837793
212636968	212636971,5706098373,212896469,212754208
212636971	212636968
212637232	212637236,212643304,212643285
212637236	212637239,212637232,212651724
212637239	212637242,212637236,212712207
212637242	212637244,212637239,212754624
212637244	212637247,212637242
212637247	212637250,212637244
212637250	212637257,212637247,212754620,212712217
212637257	212637263,212637250,212651733
212637263	212637269,212637257,212712221
212637269	212637263,212651738,212808448
212638165	212609178,212605574,212692027
212638180	212650716,212638202
212638202	212692010,212728671,1280856199,212638180
212638205	1564787520
212638208	1564787520,212692015,1564787526,212807986
212638212	212692019,212609175,1564787526
212639526	212832021,212639530,212840021
212639530	212639534,212639526,212840021,212839989
212639534	212639539,212639530,212846625
212639539	212639534
212639650	212859875,4580588922
212639718	212685973,212713458
212639725	212639718,212676455,212728153
212639785	212762426
212640629	212901137,3588438484,212797174
212640634	212737985,3588438484
212641126	212643868,212643864,212641129
212641129	212667636,212667633,212641126
212641138	212837789,212641141,212715900
212641141	212825353,212874453,212641138
212641439	5771084621,212809847,3092206379
212641442	212851596,5771084621,212726854
212641517	212641521,212643424,212643427
212641521	212641523,212641517,212695100,212843660
212641523	212641521,212691749,212691747
212641534	212837776,212641536,212665024
212641536	212641539,212641534,212837779
212641539	212641544,212841751,212641536
212641544	212641549,212641539,212837781
212641549	212641544,212641553,212753555,212753540
212641553	212641549,212715902,212715900
212641785	212641786,212746523,212888526
212641786	212641787,212641785,212807040
212641787	212641786,212691911,212691906
212642328	212643444,212643448
212642331	212642328,212731612,212731609
212642938	212685752
212642952	11907900145,11907900153,212747960
212642954	212642957,11907900149,212832273
212642957	212642954,212836648,212832273,1130095881
212642960	212642966,1130096003,212836657
212642966	212600519,212878478
212642998	212643002,212899320,212625934
212643002	212643004,212642998,212863582
212643004	212643002,212913447,212643007
212643007	212643004,5772088215,212865602
212643282	212712205,212690273,212643285
212643285	212637232,212643282
212643304	212651720,212637232,212651724,212643310
212643310	212643311,212643304
212643311	212754850,212643310,212643314
212643314	212643317,212643311,212713423,5788142181
212643317	212728118,212643320,212643314
212643320	212668894,5787760751,212643317,212650649
212643326	5799846945,5787760751,212711163
212643328	212838282,212643330,5799846945
212643330	212646069,212643333,212643328
212643333	212930611,212643330,212907274,212643336
212643336	212882890,212643340,212643333
212643340	212749506,212749497,212643343,212643336
212643343	212907280,212631375,212643340
212643346	212685670,212643349,212631375
212643349	212685670,212643355,212685666,212643346
212643355	212912929,212643349,212643358
212643358	212912931,212643355,212643361
212643361	212751419,212751420,212643358,212643365
212643365	212643368,212913223,212913231,212643361
212643368	212643365,212643372,212863542
212643372	212643368,212643375
212643375	212643372,212643379
212643379	212691891,212643375,212643383
212643383	212643387,212756608,212643379
212643387	212643383,212643390
212643390	212643396,212968067,212643387
212643396	212643390,212643400,212906142
212643400	212643396,212936305,212643404
212643404	212670513,212643408,212643400
212643408	212643404,212643412,212691723
212643412	212643416,212643408,212915500
212643416	212643412,212643419,212670516
212643419	212643416,212643421,212838307
212643421	212643419,212643424,212670519
212643424	212643421,212641517,212843660
212643427	212641517,212643431,212695100
212643431	212643427,212626130,212633055,212731609
212643433	212643436,212633055,212696988
212643436	212643433,212643439,212696990
212643439	212643436,212643441,212696993
212643441	212643439,212643444,212694453
212643444	212643441,212642328,212697004
212643448	212642328,212643452,212697011
212643452	212643448,212643455,212697015
212643455	212643452,212643460,212731612
212643460	212643465,212643455,212697018
212643465	212643460,212643467,212697025
212643467	212643465,212643469,212870974
212643469	212643467,212697029,212643473
212643473	212643476,212697032,212643469
212643476	212906211,212643473,212632105
212643478	212910450,212632105,212643481
212643481	212643478,212643484,212697035
212643484	212911788,212643481,212643486
212643486	212643484,212643488,212697039
212643488	212643490,212643486,212697042,212804458
212643490	212643488,212697049,212643493
212643493	212697051,212643490,212715549
212643616	212643619,212852344,212766955
212643619	212643616,212643622
212643622	212643629,212644641
212643629	212644643,212643622,212643619
212643822	212768219,212768215,212643824
212643824	212774605,212643822,212643845
212643845	212905450,212643824,212643852
212643852	212677079,212612766,212677077,212643845
212643864	212676074,212641126,212608772
212643868	212643872,212641126,212888810,212691120
212643872	212684857,212684856,212643868
212644158	212644161,212920059,212668912
212644161	212644165,212644158
212644165	212644168,212644161,212668918
212644168	212644165
212644635	212644638
212644638	212644641,212932432,212644635
212644641	212643622,212644638,212766958
212644643	212644647,212643629
212644647	212644643
212644690	212644693,212713507,212733081
212644693	212795707,212644690,212713512
212644713	212644722,212650519,3186788668
212644722	212644713,212875568,212875542
212645414	212645417,212623547,212769047
212645417	212645421,212623551,212645414,212769039
212645421	212645417,212623553,212673158
212645532	212713400,212645534,5743055667
212645534	212645532
212645672	212645675,2500057018,212839842
212645675	212645672,212899158,212645679
212645679	212799842,2500057014
212645958	212650493,212646033,212650510,212664648
212646033	212650510,212645958,3186788674,212650516
212646069	212643330,212838284,212838282
212646220	212646224,212970775,212955717,212925546
212646224	212646220,212710782,212710780
212646232	212646235,212673122,212673119
212646235	212646232,212719155,212719152,212646238
212646238	212769466,212846581,212646235,212841059
212647055	212647058,212722438,212694326
212647058	212647055
212647066	212647069,212864378,212787888
212647069	212647066,212767812,212767809
212647084	212677079,212647087,212677084
212647087	212647084,212601250
212647913	212647922,212647913
212647922	212709853,212647913
212648116	212648119,212736994,212766134
212648119	212648116
212648635	212648750,212674822
212648750	8867119745,212648635,8867119739
212649079	212649082,5706037702,212866235
212649082	212649079,5706065431,212825016
212649483	212649487
212649487	212649491,212649483,212823467,212721239
212649491	212599428,212649487,212721240,5780078924
212649754	212677072,212649764,5703187403
212649764	212667659,212649754,212667662
212649820	212901100,212649822,212650530,212901104
212649822	212649825,212649820,212719973,212719968
212649825	212649822,822472517,212662499
212650094	212852274,5842717472,212719158
212650115	212650119,212710778,212710776
212650119	212650115,212940203,212699589
212650332	212677523
212650410	212827025,212650415,212623887
212650415	212846849,212650410,212651730
212650467	212919795,212650493
212650493	212645958,212933212,5676400835,212650467
212650510	212646033,212768112,212645958
212650516	212650519,5676355158,212646033
212650519	212650516,212875568
212650530	212874042,212650533,212649820,212874076
212650533	212650530
212650628	212684244,212650631,3640944021
212650631	212624424,212650632,212744421
212650632	212650634,212624937,212677785
212650634	212624940,212765270,212650636
212650636	212624944,212765262
212650647	212728122,212728118
212650649	212650647,212668897,212643320
212650655	212650658
212650658	212650655,212650716,212728675
212650716	3092206370,212692004,212650658
212650727	212650730,212769194,212720476
212650730	212650727,212758272,212706446
212651423	212651425,212683723,212683714
212651425	212651423,212713507,212713512
212651550	212651554,212894220,212704274
212651554	212777379,212651550,212651558
212651558	212651554,212704290,212729196
212651594	212651599,212678804,212710762
212651599	212861684,212651594,212710769
212651608	212651614,212768223,212633065
212651614	212651617,212651608
212651617	212651614,212629295,212651620
212651620	212651617,212629283,212633068,212679970
212651718	212651720,212771019
212651720	212643304,212651718,212713419
212651724	212651728,212637236,212643304
212651728	212651730,212651724,212754624
212651730	212651733,212651728,212754620,212650415
212651733	212651737,212651730,212846852
212651737	212651738,212651733,212637263
212651738	212651737,212637269,212651740,212846860
212651740	212651743,212651738
212651743	212784112,212651745,212651740
212651745	212651746,212651743,212712234
212651746	212712237,212651745,212651747
212651747	212712239,212651750,212651746
212651750	212661316,212651752,212651747
212651752	212661321,212651754,212651750
212651754	212656923,212651752,212651761
212651761	212651764,212656923,212651754
212651764	212683510,212651761,212874469
212654322	212654327,5675942248
212654327	212654322,212654329,212835058,212956016
212654329	212654331,212654327
212654331	212654329,212979773,212654333,212933263
212654333	212936719,212654335,212654331
212654335	212654337,212654333
212654337	212795715,212654339,212654335
212654339	212676614,212654337,212801424
212654359	5784663599,1243480501,212712194
212654421	212654424,212843590,212751455
212654424	212654427,212654421,212751457
212654427	212654432,212654424,212694334
212654432	212654435,212654427,212722438,212722447
212654435	212654432,212751466,212858564,212654439
212654439	212919024,212751468,212654441,212654435
212654441	212654439,5757820707,212823455
212654928	212865863,212654931,5654655137
212654931	212663712,212654928,11965951755
212654940	212654956,212772286,3616412667
212654956	212654940,3415688729,1242602978
212655305	5773732053,212655309,212836570
212655309	212655313,212833992,212754457,212655305
212655313	212655309,212754461,212766091
212655327	212836573,212836574,212655329
212655329	212655327,212601407,212851657,212785925
212655685	212839912,212655688,212839919
212655688	212655685
212655995	212657869,6937268311
212656001	212758719,212655995
212656004	212656001
212656007	212631656
212656031	212656033,1506481428,212857080
212656033	212656031
212656649	212656651,212876447,212712525
212656651	212656649,212706778,212706766
212656797	3186788668,212727781,212684192
212656921	212656923,212661323,212661321
212656923	212651754,212656921,212651761
212657249	212657286,212631472
212657281	212662380,212657283,212662382
212657283	212657286,212657281,212733084,212844520
212657286	212657283,212657249
212657515	2926831786,212709746,212729272
212657622	212657625
212657625	212657626,212920521,212836570,212657622
212657626	212657628,212657625,212704126
212657628	212657626,212657629,212836572
212657629	212704134,212657628,212785923
212657655	5771820888,212784110,212828593
212657700	212671795,212784946,212657712,9735631032
212657712	212657700
212657718	212657720,212836797,212631830
212657720	212657723,212657718,212836802
212657723	212657720,212712536,212712540
212657801	212657803,212717076,212692845
212657803	212657801,212808900,212692842
212657854	212657855,212839905,212839908,12284608253
212657855	212744753,212744750,212657857,212657854
212657857	212657860,212657855,212904177,212908690
212657860	212863145,212657857,212863147
212657867	1260394616,212770196
212657869	212758719,1260394616
212658684	212658686,212685726,212874486
212658686	212658688,212658684,212983354
212658688	212658690,212658686,212803483
212658690	212658692,212658688,212803489
212658692	212658694,212658690,212842791
212658694	212658696,212658692,212709008
212658696	212658698,212658694,212685937,212685933
212658698	212658700,212658696,212836693
212658700	212658702,212658698,212667898
212658702	212658700,212685752,212598981
212658883	212658885,212667662,212677056
212658885	212658883
212658897	212711573,212745157
212659151	212703233,212703231
212659167	212792339,212659178,212792340
212659178	212840896,212836640,212659167
212659261	212630295
212659361	212659379,212712264,212712268
212659379	212788417,212846893,212659361
212660800	212808771,5842955303,5842958175,212705968
212660874	212660876,212927066,2942744969
212660876	212660874,212660879
212660879	212660876,212671870,212660882
212660882	2942716854,212660879,2942706305,212729296,212729286
212660885	212914378,2271213766
212660888	2942706303,212660885,212834446
212660892	212660888,212766934
212661316	212661318,212712242,212651750
212661318	212661321,212661316,212712256
212661321	212661318,212651752,212656921
212661323	212656921,212874469,212712259
212662354	212878732,212598957,5757800873
212662361	212662364,212802067,5757800873
212662364	212662361,5757787497,212802065,212668937
212662380	212657281,212599037,212713502
212662382	212713504,212657281,212662384
212662384	212662382,212733081,212733084
212662481	212719973,822472510
212662499	212649825
212662512	212710215,5661602428,212773100,212612704
212662518	212962941,212662512
212662519	212814442,212662518,212684772
212662532	212763124,212833904,212605092
212662990	212839353,212663002,212863140
212663002	212766958,212662990,212890726
212663366	212663368,212687863,212715950
212663368	212663370,212663366,212784460
212663370	212663368,212663374,212693955
212663374	212888550,212811265,212663370
212663709	212663712,212630422,7828134453
212663712	212863159,212654931,212663709
212663727	212663734,212732058,5783025777
212663734	212630438,212663727,212760512,212712196
212664447	212664450,212912929,212792530
212664450	212664454,212664447,212912931,212792536
212664454	212664450,212751414,212751412
212664648	3632923442,212664657,212813987,212645958
212664657	212913487,5772050604,212664648
212664669	5772050604,212871211,212664672,212875517
212664672	5661623625,212664669,212980144
212664676	212664679,212702522,212702504
212664679	212664683,212664676,212982089
212664683	212664685,212664679,212814843
212664685	212664683,212664688,212754586,212754580
212664688	212839854,212839860,212664685
212664702	212862568,212664710,212813074
212664710	212664714,212841039,212829211,212664702
212664714	212664710,212857733,212769018
212664871	212664874,212768215,212768212
212664874	212664871,212765260,212765262
212665013	212665024,212757794
212665024	212821536,212641534
212665154	212808738,212624285,5854268693
212665158	212681413,212912137,212624285,212665164
212665164	212681416,212896322,212665158,212665169
212665169	212673116,212665164,5842739022
212665180	5842739022,212673099
212665207	212665210,212673096,212673099
212665210	212665214,5842737587
212665214	5842737520,212719149
212666380	5650209494
212666474	212711644,212715666
212666566	212801441,5852278807,212820632
212666680	5746218306,212681097
212666683	5746218306,212713273,212780724,212666692
212666692	212696247,212666725,212666683,212713271
212666725	212666727,212666692,212713360,212713254
212666727	212712179,212666725,212712182
212666865	212666867,212851509,212801445
212666867	212666865,212808747,212781599,212666873
212666873	212730984,212666875,212666867
212666875	212666879,212666873,212781602
212666879	212730986,212666882,212666875
212666882	212673134,5842744673,212666879
212666886	212666890,5842744673,212911675
212666890	5842735672,212666886,212719163
212667074	212667077,212667083,212698899
212667077	212681231,212667074,212681228
212667083	212667074,212859878,212852341
212667276	1260394686,212619377,212719889,4952103357
212667604	212691120,212667636,212667607
212667607	212667610,212763572,212667604
212667610	212667613,212667607,212684857
212667613	212667610,212807852,212667623
212667623	212667613,212866219,212866210
212667633	212641129,212830953
212667636	212641129,212667604,212870534
212667644	810470595,212768219,212765253
212667648	810470595
212667659	212649764
212667662	212667665,212677072,212649764,212658883
212667665	212955626,212667662,212692872
212667815	212715633,212715642
212667844	212667848,212805576,212892528
212667848	212667851,212667844,212805578
212667851	212667848,212805580,212667868
212667868	212805582,212667883,212667851
212667883	212667892,212667868,5757803311
212667892	212667895,5757787489,212667883
212667895	212667892,212598966,212805588,5757787492
212667898	212658700,212920746,212631465,212598978
212668097	212713416,212713413
212668101	212668891,212668887,212668097
212668113	212668118,212686291
212668118	212668113,212674293
212668476	212668478,212965740,212624913
212668478	212668480,212624922,212787652
212668480	212668478
212668489	212644643,212713858,212852344
212668581	212851523,212668584,212859876
212668584	212668581,2704252511,2704252514
212668635	212668639,212765248,5842735673
212668639	212668635,810470595,212768221
212668749	212728664,12293234438,212727757
212668784	212668787,9678131786,9678131795
212668787	212668784,212694548,212694542
212668842	212611399,212611396,212713254
212668853	212615839,212713366,212812465,212668864
212668864	212727769,212668867,212668853
212668867	5787699502,212800565,212668864
212668871	212713388,5787699502
212668876	212918283,5787700766,212668879
212668879	212669372,212668881,212668876
212668881	212669395,5743055659,212668879
212668884	212668887,5743055659,212757364
212668887	212668101,212668884,212713410,212899196
212668891	212668892,212668101,212706403
212668892	212668894,212668891
212668894	212643320,212668892
212668897	212668899,212650649
212668899	212668901,212668897,5787760751
212668901	212728131,212668902,212668899
212668902	212728138,212945918,212668901,212631916
212668904	212668906,212631916,212745051
212668906	212668909,212668904
212668909	212916340,212668906,212668912
212668912	212728153,212644158,212668914,212668909
212668914	212644161,212668917,212668912
212668917	212676455,212668918,212668914
212668918	212644165,212668920,212668917
212668920	212668922,212668918
212668922	212920077,212668924,212668920
212668924	212668922,212728159,212668927
212668927	212890879,212636856,212668924
212668930	212692853,212636856,212668933
212668933	212692865,212668935,212668930
212668935	212668937,212668933
212668937	212892526,212668935,212662364
212669033	212894206,212627890
212669039	212669033,212627899
212669043	212627904,212669039,212669050,212691193
212669050	212669043,212691153,212627909
212669259	212669262,212713475,212713472
212669262	212669259
212669332	212669334,212814456,212814453
212669334	212669338,212720045,212669332
212669338	212669334,5694073046,212684725
212669372	212668879
212669395	5743055651,5743055654
212669700	212811797,212863132,212669736
212669736	212763169,212669700,212669760
212669760	212763166,212669764,212669736
212669764	212751571,212669767,212669760
212669767	212669771,212708111,212669764,212792948
212669771	212669775,212669767,212792948,212792941
212669775	212669771,212753986,212753990
212669786	212669794,212830944
212669794	212669786,212846645,212927432
212669803	212669807
212669807	212669811,212669803,212692179
212669811	212669815,212669807,212692181,212710810
212669815	212669811,212614775,212727750
212669820	212669822,212744738,212684819
212669822	5700533773,212669820,212695893
212669833	212677090,212669836,212677087,5700533773
212669836	212669833,212612771,212615424
212669847	212669850,212669786,212615424
212669850	212763677,212669853,212669847
212669853	212669858,212669850,212846645
212669858	212669853,212669861,212763679
212669861	212703156,212669866,212669858
212669866	212732111,212669861,212669868
212669868	212669871,212684842,212669866
212669871	212763681,212669876,212669868
212669876	212669871,212710199,212669887
212669887	212669889,212669876
212669889	212669887,212763695,212669891
212669891	212669889,212866199,212705247
212670270	212670273,212873963,212706411
212670273	212670270,212753091,212670281
212670281	212670283,212894796,212670273
212670283	212670281,212753091,212880717
212670513	212670516,212863821
212670516	212670519,212670513,212643416
212670519	212670516,212643421,212670532
212670532	212696984,212626130,212670519
212670616	212670620,212838287,212751429
212670620	212670616
212670985	212671048,212934104
212671048	212670985,212671051
212671051	212695821,212671048
212671766	212828464,212802492,7188158092
212671778	9735631032,212712536,212671795
212671795	212758509,212657700,212671803,212671778
212671803	212671795
212671852	212807515,212779046,212787032,212671859
212671859	212787042,212671852,212779049
212671870	212927066,212660879,212729296
212671951	212671980,212629286,212787678,212862553
212671980	212671951,212719146,212862553
212673089	5842737587,212624740,212673093,212624950
212673093	212673096,212785724,212673089
212673096	212665207,212673093,212896322
212673099	212665207,5842739022,212665180
212673116	212673119,212665169,212719152
212673119	212646232,212673116,212681416
212673122	212673125,212646232,212895562
212673125	212673127,212673122,212719155
212673127	212673130,212673125,212704327
212673130	212673134,212673127,212719158
212673134	212666882,212673130,212781602
212673136	212911675,212800651,212673140,5842744673
212673140	212673136,212673158,212680126
212673147	212765253,212765257,212624950
212673158	212673140,212769033,212645421
212673160	212673161,212623553,212720926
212673161	212673163,212673160,212747954
212673163	212673161,212840998,212680129
212673289	212673295
212673295	212673313,212673289,212675287,212712523
212673313	212673324,212811475,212673295
212673324	212673313,212837801,212712528
212674268	5780092910,212766069
212674270	212674268,212753510,8869097446
212674290	212674293,212728671,212728675
212674293	212674294,212674290,212668118
212674294	212674293,212751651,212756302
212674302	212674306,212894281,212859421
212674306	2704451249,212683574,212674302,212755215
212674341	212674342,212768230,212768227
212674342	212788627,212834889,212674344,212674341
212674344	212765238,212674342,212686850
212674814	212755218,1152532696,2497180585,212804559
212674822	212648635,1152532696,5662809705,212942839
212675272	212675274,212699589,212699586
212675274	212675272
212675281	212675284,212712513,212787899
212675284	6273278997,212675281,212744096
212675287	212864391,6273278997,212673295
212675308	5757787491,212625650,212631457
212675489	212889531,212675493,212889528
212675493	212804219,212675489,212804216
212675755	212675758,212904177,212863142
212675758	212675762,212675755,212839353
212675762	212675758,11727907914,212821413
212675766	11727907914,212852342
212675771	212675774,212788631,212686850
212675774	212675777,212675771,212830794
212675777	212675780,212675774,212884224
212675780	212675777,212744803,212675783,212744796
212675783	212765236,212904705,212675780
212676074	212643864
212676181	1566477678,212792340,212836642
212676250	212705972,212705968,212808771,212676254
212676254	212676256,212950425,212676250
212676256	212676259,212676254,212680133,2669449232
212676259	212721901,2669449232,212676256
212676317	212676319
212676319	212676321,212676317,212908725,212908698
212676321	212676319,212904191,212904187
212676336	212719192,5842884707,212730617
212676347	212623563,212719205,2669449235
212676455	212685975,212639725
212676614	212676616,212654339,212711353
212676616	212676614,212801441,212801424
212676704	212676706,212624922,3640944021
212676706	212676707,212676704,212708535
212676707	212676709,212676706,212680369
212676709	212676707
212676875	212676878,212738015,212709108,212625688
212676878	212676875
212677040	212677044,212611870,212692262
212677044	212850047,212677040,212677047,212744891
212677047	212677044,212870555,458225171,212677050
212677050	212826145,212677053,212677047
212677053	212859617,212677056,212677050
212677056	212859617,212658883,212677053
212677072	212649754,212667662,212677075
212677075	212677077,212850221,212677072
212677077	212692872,212677075,212643852
212677079	212647084,212643852,212702094
212677084	212905450,212677087,212601250,212647084
212677087	212669833,212677084,212905450
212677090	212677092,212669833,212778705
212677092	212677090,212702086,212677101
212677101	212702084,212677130,212677092,212799846
212677130	212677101,212702082,5692019238
212677523	212650332,212934104,212677536
212677536	212677523
212677785	212765274,212650632,212765270
212677790	212624937,212787662,5700835257
212678169	212678173,212630438,212712204
212678173	212678169,212734221,212734229,212761976
212678193	212841001,212623572,212678211
212678211	212678193,212769024,212769021
212678500	212678503,212792632,212866226
212678503	212678506,212678500,212792628
212678506	212678503,212866229,212678511
212678511	212792626,212678514,212678506
212678514	212836125,212792623,212678511
212678804	212678807,212837960,212651594
212678807	212678804,212861688,212678817
212678817	212699593,212699589,212678807
212678969	212678971,212863153,3150030764
212678971	212678969
212679109	212679112,212769343
212679112	212679115,212846660,212679109
212679115	212679118,212679112,212779588
212679118	212679115,212679120,212706778
212679120	212679118,212609543,212631802
212679169	212713858
212679659	212679662,5854268693
212679662	212679659,212808738,212878392
212679755	212679758,212888509,212850771
212679758	212679755,212880469,212633586
212679809	212859892,212679811,212859890
212679811	212679809,212681208,212681206
212679968	212719146,5842735673,212679970
212679970	212862553,212679968,212651620
212680126	212673140,212769030,212623557
212680129	212673163,212680133,212623557,212719205
212680133	212721901,212950425,212676256,212680129
212680369	212676707,212744421,212680373
212680373	212680369
212680442	212729300,212729303
212680444	212680442,212782732,212827157
212680513	212680526,212687557,212687544
212680526	212680513
212681097	5745948590,5746218306,212681104,5746216976
212681104	5746203909,212707406,212681097
212681106	5746203909,212601502,212909518
212681115	212681118,212631641,212825565
212681118	212681115,212810488,212608828,212825565
212681125	212681261,4663793373,212619377
212681135	212719889
212681141	5325104483,1260394588,212712506,212681153
212681153	212681202,212681141
212681202	212681204,212681153,6312967235
212681204	212681202,6312967235,212628125
212681206	212679811,212715889,212628125,212715898
212681208	212723044,212681210,212679811
212681210	212829040,212681213,212681208
212681213	212681216,212681310,212681210
212681216	212681213,212957383,212681219
212681219	212837752,212859883,212681222,212681216
212681222	212681226,212681219,212698904
212681226	212681222,6021698536,212681228
212681228	2334081443,212667077,212681226
212681231	212667077,212849212,2704252514
212681261	212859898,212681125
212681295	212681303,212874192,5688879131
212681303	212681295,212741206,212874199
212681310	212837758,212681213,212837760
212681318	5759418147
212681410	212681413,212711342,212808738
212681413	212681416,212681410,212895559,212665158
212681416	212673119,212681413,212895562,212665164
212681518	212681522,212687957,212757589
212681522	212681518,212837817,212842162
212682528	212682530,212837752,212837750
212682530	212851059,212682528,4127064597
212683426	212713469,212632971
212683429	212683426,212728167,212692865
212683474	212683477,212846873,212846869
212683477	212683474
212683484	2706024522,2706022350
212683510	212651764,212683512,5506357008
212683512	212846893,212879902,212683510
212683570	212894277,212683571,212859421
212683571	212683570,212683574,212684836
212683574	212674306,212755213,212683571,2704451247
212683663	212777132,212706451,212706448
212683678	212864013,212763276,212683663
212683686	212683688,212727250,212794979
212683688	212683686,212794982,212836635
212683714	212651423,212713507,212733066
212683723	212683734,212651423,212713512,5272161833
212683734	212683723,212713515,5515039801
212683752	212683755,212688640,212845873
212683755	212683752
212684006	212753993,212753990,212778718
212684040	212684042,212705270,212741616
212684042	212684040
212684192	212684200,212768115,212656797
212684200	212684192,5661630261,212932060
212684205	212812095,212684209,5661630261
212684209	212812097,212684214,212684205
212684214	212761615,212684209,212684220
212684220	212919483,212684214,212684224
212684224	212684220,212754592,212684228,212754589
212684228	212812100,212684224,212839863,212684232
212684232	212945461,212684236,212684228
212684236	212812103,212684232,212684240
212684240	212876677,212684244,212684236
212684244	212650628,212624420,212684240
212684256	212684259,212625930,212899320,212766094
212684259	212684256,212863582,212766098
212684383	212704305,212704304,212684385
212684385	212684388,212684383
212684388	212684390,212684385,212756293
212684390	212684388,212756295,212714302
212684715	212799846,212684725,212684747
212684725	212669338,212684715,212695773
212684729	212684733,5694073046,212847775
212684733	212684737,212684729,212814460
212684737	212684740,212684733,212847775
212684740	212684737,212814462,212684819
212684747	212684715
212684772	212710210,212662519,212684779
212684779	2500057020,212786071,212684772
212684808	212684811,2500057014
212684811	212684808
212684819	212695891,212669820,212768204,212684740
212684826	3475199657,2704467927
212684829	212684831,3475199657,2704451238,5663134578
212684831	212684834,212684829,2704451240,212894269
212684834	212684836,212684831,2704451236,212774672
212684836	212684834,212755211,212683571,212786678
212684842	212846645,212684845,212669868
212684845	212684847,212684842
212684847	212710199,212684851,212684845
212684851	212905469,212684847,212684853
212684853	212684856,212684851,212710201
212684856	212643872,212684853,212888810
212684857	212667610,212643872,212691122
212685085	212685088,212696868,212761011
212685088	212685085,212751444,212751446
212685136	212622579,212908906,212796957
212685458	212685461,212728675,2092927598
212685461	212685461,212685458
212685591	212685595,5745948590,212749186
212685595	212631301,212685591,212868929
212685599	212770196,11497830561,212685602
212685602	6937268311,212685599
212685604	6937268311,212698385,212685619
212685619	212631329,212703998,212685624,212685604
212685624	212703998,212685628,212685619
212685628	212685631,212685624,212696430
212685631	212685635,212685628,212631335
212685635	212753022,212685639,212685631
212685639	212702029,212685635,212685642
212685642	212702033,212685650,212685639,212938295
212685650	212685653,212792530,212685642,5799924878
212685653	212685657,212685650
212685657	212631357,212685660,212685653
212685660	212685657,212631362,212685663
212685663	212685666,212631366,212685660
212685666	212631372,212685663,212643349
212685670	212685673,212643349,212751384,212643346
212685673	212774080,212631382,212685678,212685670
212685678	212685682,212685673,212838287,212631389
212685682	212777665,212631391,212685686,212685678
212685686	212869627,212631397,212685688,212685682
212685688	212631399,212685691,212685686
212685691	212747027,212685694,212685688
212685694	212685691,212696868,212685698
212685698	212685701,212685694,212761011,212631405
212685701	212685708,212685698,212631409
212685708	212869630,212685710,212685701
212685710	212869632,212685713,212685708,212631422
212685713	212854070,212629991,212685710,212631429
212685716	212730949,212685717,212629991
212685717	212628149,212685716,212631442
212685719	212685722,212628149,212631447
212685722	212869636,212685724,212685719
212685724	212839135,212685722,212631451,212685726
212685726	212658684,212874482,212685724
212685752	212658702,212836693,212642938
212685933	212658696,212920746,212803489
212685937	212685940,212658696,212836693,212709008
212685940	212685937,212869638,212598987
212685973	212713461,212685975,212639718
212685975	212728156,212676455
212685987	212685992,212974605,212743900
212685992	212685987,212705195,212705201
212686038	212686062,212837454,212870485
212686062	212686038,212729272,212870485
212686291	212668113,212807986,212728671
212686363	994317437,212692839,212775794
212686419	212870555,212686422,212770504
212686422	212686426,212850047,212808335,212686419
212686426	212686430,212686422,212692262
212686430	212686426,212691987
212686752	212744096,212712521,212686755,212712517
212686755	212741613,212814849,212686752
212686770	212686770,212796953
212686850	212686853,212674344,212675771,212744796
212686853	212686856,212773370,212686850
212686856	212686853,212787682,212787692
212686879	212686905,212697156
212686893	212686896,212758162,212742734
212686896	212686897,212686893,212742763
212686897	212686899,212686896,212742736,212811182
212686899	212686902,212686897,212742738,12057494084
212686902	212686899,212686905,212830077
212686905	212686879,212686902,212742741
212687544	212932803,212766191,212680513,212766183
212687557	212680513,212766211
212687727	212784657
212687736	212866249,212813884,212831580
212687750	6367602386,212813884,212687839
212687839	6298294742,212687750
212687863	212663366,212715947
212687944	212837943,212687957,212757581
212687957	212837814,212681518,212687944
212687969	212687972,212837791,212799705
212687972	212687969,212898230,212687983
212687983	212687972,212687996,212699142
212687996	212699146,212743420,212687983
212688169	212688175,212898205,212898199
212688175	212688169
212688184	2610548551,6026314224,212688175
212688640	212688646,212708123,212683752
212688646	212688640
212688668	212627965,212772286,3415688729
212688758	212721837,212622561,212688843,212755224
212688843	212688758,212857297
212689409	212689412,212709198,212836797
212689412	212689409,212712544,212709201
212690110	212693612,212774596,212774605
212690273	212712207,212690293,212643282
212690293	212690273
212690367	391967057,10842152112,12213746983
212691085	212598799,212691090,212714318
212691090	212691092,212826151,212691085
212691092	212691095,212691090,212852636
212691095	212691098,212691092,212781995
212691098	212691095,212601389,212691106
212691106	212777675,212691110,212691098
212691110	212691106,212753984,212753982
212691120	212691122,212643868,212667604
212691122	212684857,212691120,212905710
212691153	212619563,212669050,3665110734
212691179	212691153,3665110734
212691193	5654537913,212691179,212669043
212691723	212691725,212936305,212915500,212643408
212691725	212691728,212857134,212691723
212691728	212691731,212691725,212691739
212691731	212691734,212691728,212761025
212691734	212691731,212915503,212883567
212691739	212691742,212691728,212915503,212915500
212691742	212691747,212691739,212838309,212838307
212691747	212641523,212691742,212843660
212691749	212691752,212641523,212695100
212691752	212691749,212903626,212903624,212691757
212691757	212691760,212691752
212691760	212761380,212691763,212691757
212691763	212760009,212691760,212691767,212760013
212691767	212732685,212691771,212691763
212691771	212758162,212742763,212691767
212691785	212691788
212691788	212691785,5661630269,212702522
212691891	212691898,212864309
212691898	212691902,212807040,212691891
212691902	212691906,212691898,212909144
212691906	212641787,212691902,212643387
212691911	212691915,212641787,212888530
212691915	212691911,212863816
212691987	212692259,5700936524
212692004	212866237,212856755,5701006483
212692010	212638202,212692187,212638180
212692015	1564787517,212692194,212638208
212692019	212638212,212828649,1564787518
212692027	212609172
212692175	212692179
212692179	212692181,212692175,212669807
212692181	212614775,212692179,212669811
212692187	212728664,212692010,212692194
212692194	212692015,212828649,212808175
212692259	212691987,212808335,212686426
212692262	212850047,212677040,212686430
212692283	6854288796
212692514	212611429,5326532378
212692839	5782045688,212686363,212836558
212692842	212692845,212633598,212657803,3092206417
212692845	212657801,212633600
212692853	212692855,212668930,212898029
212692855	5757803307,212692853,212890879
212692865	212683429,212632974
212692872	212692876,212667665
212692876	212692872
212693176	212715673,212693181
212693181	212693176,212694050
212693375	212742738,212715583,212715577
212693591	212693612,5700533774,5700533773
212693612	212693591,5700536522,212690110
212693947	212693950,212935905,212907938
212693950	212693947,212769041,212769039
212693955	212693957,212784460,212663370
212693957	212693955,212888552,212632079
212694050	212921947,212693181
212694086	212694089,212862720,212839971
212694089	212694092,212694086,212724088
212694092	212694089
212694326	212654427,212647055,212599182
212694334	212628155,212730949
212694453	212643441
212694524	2680440153
212694542	212668787,9678131795
212694548	212694553,212668787,9678131786
212694553	212694548
212695100	212691749,212641521,212643427,212903624
212695773	212847779,212847775
212695781	212766191,212695821,212905117
212695821	212905117,212671051,212695781
212695891	212695893,212684819,212778694
212695893	212669822,212695891,212753218
212696209	212696212,212795017,212795020
212696212	212696215,212696209,212836638
212696215	212696217,212696212,212909006
212696217	212696221,212696215,212807522,212822691
212696221	212696217,212963838,212696237
212696237	212888234,212696240,212696221
212696240	212792346,212696237,212832383,212792350
212696247	212666692,212696249,212780721
212696249	212696247,212696249
212696430	212696449,212751397
212696449	212702029,212696452
212696452	212702033,212751405
212696868	212685085,212828428,212685694
212696984	212670532,212903621,212633053
212696988	212696990,212633053,212643433,212763276
212696990	212696993,212696988,212864013,212643436
212696993	212696996,212696990,212832323,212643439
212696996	212696993,212888545,212697004
212697004	212697011,212643444,212696996
212697011	212697015,212697004,212743307,212643448
212697015	212697018,212697011,212779406,212643452
212697018	212697025,212697015,212706478,212643460
212697025	212697029,212697018,212643465,212735697
212697029	212697032,212697025,212643469,212888546
212697032	212632102,212697029,212643473,212888548
212697035	212697039,212632102,212643481
212697039	212697042,212697035,212643486
212697042	212697039,212697049,212643488
212697049	212697051,212697042,212643490
212697051	212697049,212715966,212643493
212697147	212697149,212699148,212753155
212697149	212697147
212697156	212874502,212686879
212697782	212712176,212898159
212698355	212709791
212698385	212631315,212702871
212698594	212756608,212698597,212906142
212698597	212857131,212623597
212698899	6021698539,212698904
212698904	212698899,212852341,212681222
212699140	212636956,212837791,212699142
212699142	212699146,212699140,212898232,212687983
212699146	212699148,212743423,212687996,212699142
212699148	212699146,212753158,212697147,212631863
212699279	212699281,212839337,212839334
212699281	212699284,212699279,212888534
212699284	212699281,212850834,212854898
212699295	212699311
212699311	212840926,1279846205,212699295
212699579	212728618,212699598,212862697
212699586	212675272,212710776,212710774
212699589	212678817,212675272,212650119
212699593	212699595,212678817,212849515,212837960
212699595	212699593,212732036,212732034,212699598
212699598	212728618,212728615,212699595,212699579
212699605	212631666
212699878	5703234880,212747975,5703315307
212701247	212940245,212775338,212828865,212623676
212702029	212702033,212696449,212685639
212702033	212702029,212696452,212685642
212702082	2500057020,5692019223
212702084	212677101,212677130,212799865
212702086	212677092,212702084
212702094	212647087
212702490	212702494
212702494	212702503,212702490,5661623626,212737973
212702503	212913021,212702504,212702494
212702504	212913024,212664676,212702503
212702522	212664676,212691788,212754586
212702871	212698385
212702985	458225178
212703095	212705189,212705192,212627992
212703098	212703101,212627992,212917765
212703101	212703098
212703133	212703136,212837801,212811499
212703136	212703133,212703152,212712531
212703152	212631828,212703136,212712533,212628000
212703156	212669861,212732111,212763679
212703228	212882005,212901576,212703231
212703231	212659151,212708638,212703228
212703233	212703236,212659151
212703236	212703241,212703233,212970629,212796658
212703241	212703244,212703236,212754601,212754598
212703244	212703241,212796662,212703247,212839872
212703247	212703249,212909375,212703244
212703249	212703253,212703247,212885595
212703253	212703257,212703249,212787650
212703257	212703253,212785718,5700835257
212703467	212761979,212703473,212761976
212703473	212703467,212651718
212703998	212751397,212685619
212704126	212704130,212851654
212704130	212704126,212657628,212704134
212704134	212657629,212785925,212704130
212704221	212717861
212704274	212704278,212894223,212651550
212704278	212704281,212704274,212851329
212704281	212704278,212777381,212651554,212704290
212704290	212704301,212651558,212704281,212729211
212704301	212779892,212704304,212704290
212704304	212684383,212704301
212704305	212684383,212876124,212704308
212704308	212714296,212714302,212704305
212704324	212704327,212808744,212801448
212704327	212673127,212704324,212781602,212895559
212704737	212704738,212859889,212717306
212704738	212704737,212839964,212717309,212704740
212704740	212704742,212955345,212704738
212704742	212704744,212704740,212880684
212704744	212704746,212704742,212890446,212842952
212704746	212704744,212927260,212842956,212704748
212704748	11878218185,212842960,212704746
212705179	212705182,212633578,212615664
212705182	212705185,212705179,212627989
212705185	212705189,212705182,212930230
212705189	212703095,212705185
212705192	212703095,212631649,212705195
212705195	6281712201,212685992,212705192
212705201	212705203,212880485,212685992
212705203	212705201,212809420,212705209
212705209	212880485,212633586,212705203
212705247	212705251,212669891,212763698
212705251	212705270,212711038
212705270	212757581,212684040
212705968	212676250,212660800,212950425
212705972	212676250,212705974,212950290
212705974	212705972,2669449232
212706403	212668891
212706411	212753091,2897973717,2897973718,212670270
212706424	212706427,2897973717,212797148
212706427	212894779,212706430,212706424
212706430	212759806,212706433,212706427
212706433	212706435,212706430,212859649
212706435	212706438,212706433,212869676
212706438	212720476,212706441,212706435
212706441	212730255,212706443,212706438
212706443	212852172,212706446,212706441
212706446	212706443,212650730,212706448
212706448	212683663,212763272,212706446
212706451	212706455,212683663,212832323
212706455	212935954,212706459,212706451
212706459	212777132,212706464,212706455
212706464	212706459,212706466
212706466	212743299,212706470,212706464
212706470	1506481428,212706478,212706466
212706478	212697018,212779406,1506481428,212706470
212706753	212706755,212706760,212828199
212706755	212706753,212828202,212787695
212706758	212706760,212828196,212787678
212706760	212706753,212706758,212787692
212706766	212656651,212712525,212712528
212706778	212656651,212779588,212679118
212706910	212706914,212862720,212921098
212706914	212927260,11878218185
212707406	212681104,212808913,212898191
212707750	212889396,212783821
212707787	212707793,212741199,212741204
212707793	212707787,212780658,212780655
212707904	212796374,212841189,212707907
212707907	212707904,212850771,212631683
212708111	212669767,5650195904,212751571
212708123	651237790,212688640
212708412	212708413,212754592
212708413	212708412
212708535	212676706
212708638	212703231
212709008	212658694,212685937,212842791
212709108	212709110,212676875,212763657,212738012
212709110	212709108
212709198	212709201,9678131795,212689409
212709201	212709198,212712546,212689412
212709743	212870485,212804982,212709745
212709745	212804982,212709746,212709743
212709746	212657515,212729275,850366867,212709745
212709778	212834446,850366843,850366867
212709787	385944481,2942706309,212709791,850366843
212709791	212698355,212709787
212709814	212630295,212709818
212709818	212709831,212709814,212715862
212709831	212709836,212709818,651254122
212709836	212709846,212709831
212709846	212709849,212709836
212709849	3236892829,212709846,212629117
212709851	212709852,212623698
212709852	212709851,212629124,212610531
212709853	212647922,212603138
212709929	212902870,5775999892,5776042670
212709953	212709964,5776042670,212766083
212709964	212859593,212761138,212709966,212709953
212709966	212709964,212760894,212760897
212710199	212710201,212684847,212669876
212710201	212710199,212684853,212956056
212710204	212710210,212710215
212710210	212684772,212710204,212941084
212710215	212859486
212710657	212710658,212721845,212721842
212710658	212710657,212755233,212755229
212710692	212707904,212751414
212710762	212837946,212651594,212766057,212710766
212710766	212837814,212710769,212710762
212710769	212710771,212710766,212651599
212710771	212837817,212710773,212710769
212710773	212710774,212710771,212767923
212710774	212866202,212710773,212699586
212710776	212650115,212699586,212866207
212710778	212710780,212650115,212955717
212710780	212646224,212710778,212718719
212710782	212646224,212718722,212710797
212710797	212710799,212710782,212755174,212755171
212710799	212710801,212710797,212891073,212792634
212710801	212710803,212710799,212795569,212792632
212710803	212710805,212710801,212795571,212792628
212710805	212710806,212710803,212795574,212792626
212710806	212710805,212710808,212792623,212795576
212710808	5706174540,212792621,212625993,212710806
212710810	212792615,212669811,212625993
212711038	212741616,212837940
212711073	212630422,3665094176,212784022
212711079	5652164885,212714296,212627933
212711081	212711079,212714302,212901316
212711088	212711081,212890724
212711103	2201578527,212631625
212711163	212643326
212711335	212839883,212711338,212711353
212711338	212711340,212711335,212780176
212711340	212711338,212711341,212839876,212839878
212711341	212711340,212711342,212878392
212711342	212711341,212808741,212681410
212711353	212676614,212711335,212924661,212801441
212711570	212711571,212745151,212745063
212711571	212711570,212711573,212745154
212711573	212711579,212711571,212658897
212711579	212711573,212745070
212711644	212628477,212666474
212712165	212712168,212859887,212859889
212712168	212839961,212712170,212712165,212839947
212712170	212845403,212841332,212712172,212712168
212712172	212712174,212712170,212899185,212841336
212712174	212846796,212712172,212841339
212712176	212712177,212633592,212729070,212697782
212712177	212712176,212712178
212712178	212712177,212712179,212713360
212712179	212666727,212712178
212712182	212611370,212713247,212713252,212666727
212712194	212712195,212910334,212654359
212712195	212712194,212712196,212763300
212712196	212712195,212734216,212663734
212712204	212771019,212678169,212712205
212712205	212771022,212712204,212643282
212712207	212690273,212637239,212712216
212712216	212861290,212712207,212712217
212712217	212712219,7535540075,212637250,212712216
212712219	212637257,212712217,212712221,212919337
212712221	212712219,212712224
212712224	212712221,212712227,212808448
212712227	212784112,212712224,212784110,212712234
212712234	212712237,212651745,212712227
212712237	212651746,212712234,212712239
212712239	212712242,212651747,212712237
212712242	212661316,212712239,212712256
212712256	212712259,212712242
212712259	212723300,212712256,212712261,212661323
212712261	212712262,212836707,212712259
212712262	212771831,212712261,212712264
212712264	212712262,212879902,212659361
212712268	212659361,212602245
212712275	212733066,5667568651,212602245
212712506	212897911,212712509,212681141
212712509	212884236,212712511,212712506
212712511	212884253,212712513,212712509
212712513	212787901,212712517,212675281,212712511
212712517	212814849,212686752,212712513
212712521	212741613,212686752,212712523
212712523	212712521,212673295,212626021,212712525
212712525	212656649,212712523,212706766
212712528	212706766,212852325,212712531,212673324
212712531	212703136,212712528,212712533
212712533	212631820,212712531,212703152
212712536	212671778,212657723,212631828,212758498
212712540	212657723,212712544,212836802
212712544	212820940,212712540,212689412
212712546	212726082,212709201,9678131786
212712729	212712730,212629938
212712730	212712729
212713217	5673835384,212713222,212719968
212713222	212713247,212713217,212986839
212713247	212749148,212712182,212713222
212713252	212713254,212712182
212713254	212666725,212713256,212668842,212713252
212713256	212917778,212713271,212713254
212713271	212713273,212713256,212666692
212713273	212780879,212713271,212666683,5746216976
212713313	212713316,212741219,212856618
212713316	212808902,212713318
212713318	212713321,212766051
212713321	212856619,212713325
212713325	212766057,212856621
212713357	212713360,212712177,11331117523
212713360	212713357,212666725
212713364	212610247,212611396,212625706
212713366	212713382,212668853,212610247
212713382	212905251,212713366,212713385
212713385	212727769,212727766,212713388,212713382
212713388	212713392,212668871,212713385
212713392	212713388,212901354,212713396
212713396	5743055667,212668881,212713392
212713400	212713404,212645532,212761996
212713404	212713400,212719859,212713407
212713407	212713410,212792031,212713404
212713410	212713413,212713407
212713413	212713410,212749583,212668097
212713416	212713419,212813062,212668097
212713419	5788142181,212713416
212713423	212713426,212643314
212713426	212713423,212713431
212713431	212728122,212623891,212713426
212713439	212728127,212713442,212623891
212713442	212713439,212713445
212713445	212713449,212728135,212846849,212713442
212713449	212713445,212713452
212713452	212728141,212743993,212713455,212713449
212713455	212713458,212713452
212713458	212713455,212728153,212846869,212639718
212713461	212846876,212713464,212685973
212713464	212713466,212713461
212713466	212846879,212632971,212713464
212713469	212846882,212713472,212683426
212713472	212728174,212713469,212669259
212713475	212713478,212669259,5506357008,212728178
212713478	212713475,212825097,212713481
212713481	212713485,212849201,212713478
212713485	212713481,212802067,212713488
212713488	212732971,212713497,212713485
212713497	212878732,212598955,212713488
212713502	212599033,212713504,212662380
212713504	212713502,212713507,212662382
212713507	212713504,212651425,212683714,212644690
212713512	212644693,212683723,212651425,212713515
212713515	212683734,212713512,212713519
212713519	5272159305,212713515,5321981363
212713556	212870665,212624273,2056479725
212713558	212624273
212713738	212715598,212715596
212713841	212713847,212859880,212839919,212839943
212713847	212841332,212713850,212713841
212713850	212713858,212713847,212841336,212852342
212713858	212679169,212713850,212668489,212841339
212714271	212762363,212838342,212711103
212714282	212719564,212890690,391976921
212714285	212714282,212719566,10842152112
212714294	212876122,212627909,212714296
212714296	212704308,212876124,212711079,212714294
212714302	212684390,212711081,212704308,212714309
212714309	212714302,212714316
212714316	5750012579,212714318,212714309,212904184
212714318	212714316,212714320
212714320	212852636,212714323,212714318
212714323	212714320,212714328,212904184
212714328	212781984,212714323,212714333
212714333	212782021,212714328,212714336
212714336	212714333,212714339,212945148
212714339	212813897,212714336,212714342
212714342	212714339,212714345,212753990
212714345	212835072,212714342,212714350
212714350	212941255,212714345,212714355
212714355	212714350,212714357,212835072
212714357	212714360,212714355,212778718
212714360	212872578,212714357,212714362
212714362	212714360,212906274,212714373
212714373	212753993,212714362,212714384
212714384	212714373
212715549	212804458,212643493,212715553
212715553	212874858,212715549,212715567
212715567	212742732,212874861,212715553,212715569
212715569	212715577,212715567
212715577	12763194447,212693375,212715569
212715583	212715589,212742741,212693375
212715589	212715583,6431670366
212715592	6431670366,212715596
212715596	212715592,212713738
212715598	212713738,212715601
212715601	212715598,212715605
212715605	212715601,212602711
212715619	212715621,212602671
212715621	212715619,212715623
212715623	212715621,212715625
212715625	212715627,212715623
212715627	212715625,212715629
212715629	212715627,212715633
212715633	212715629,212667815
212715642	212715646,212667815
212715646	212715642,212715650
212715650	212715646,212715655
212715655	212715650,212715658,212798242
212715658	212715655,212715661
212715661	212628477,212715658
212715666	212666474,212715673
212715673	212693176,212715666
212715862	212715866,212709818,212811797
212715866	212612619,212715862,212811799,2056479744
212715875	212715877,212603582,212846798,212927234
212715877	212715875,212715880,212927234
212715880	212715877,212862720,212715884
212715884	212839971,212715886,212715880,212839973
212715886	212859892,212859894,212715889,212715884
212715889	212628122,212681206,212715886
212715898	212715900,212864360,212681206
212715900	212715898,212641138,212753555,212641553
212715902	212753540,212715905,212641553
212715905	212626374,212715902,212835051,212898225
212715909	212781071,212715912,212626374
212715912	212743401,212715909,212743417,212715915
212715915	212753148,212753145,212715919,212715912
212715919	212768435,212887910,212599677,212715915
212715922	212715924,212599677,212759819
212715924	212715922,212715927,212631871
212715927	212715924,212631876,212769211,212715930
212715930	212758283,212715934,212715927
212715934	212715930,212715939,212631882
212715939	212715934,212715943,212803470
212715943	212715939,212715947,212631887
212715947	212952026,212715943,212687863
212715950	212784460,212631900,212663366
212715957	212631900,212888552,212715961
212715961	212715964,212632082,212715957
212715964	212715961,212715966
212715966	212715964,212632086,212697051
212716241	5757808723
212716579	212903624,212716582,212731609
212716582	212760009,212731612,212716579
212717049	212732073,212732079
212717057	212717049
212717061	212750368,212717072,212717057
212717072	212717061,212633600,212856618,212775800
212717076	212657801,212717080,212808900
212717080	212848198,212717087,212717076
212717087	212717092,212717080
212717092	212717095,212717087,212932582
212717095	212838629,212717097,212717092
212717097	212717099,212717095,212719761
212717099	212856620,212717101,212717097
212717101	212717099,212856621,212719761
212717111	212717114,212836635,212836633
212717114	212874725,212717111
212717306	212723044,212717309,212704737
212717309	212717306,212704738,212724088
212717861	212704221,212839854,212754578
212718489	212797160,212898219,212757794
212718719	212718722,212940203,212710780
212718722	212718719,212961307,212710782
212719146	212719149,212679968,212671980
212719149	212719146,212787674,212787670,212665214
212719152	212646235,212673116,5842737520,212846581
212719155	212673125,212719158,212646235,212862558
212719158	212673130,5842735672,212719155,212650094
212719163	212732454,212851531,212719166,212666890
212719166	212911675,212719170,212719163,212862568
212719170	212730613,212719166,212719192
212719192	212676336,212719202,212719170
212719202	212769030,212719192,212623560
212719205	212676347,212623560,212680129
212719564	212714282,212719566,5355931362,212729062
212719566	5659543599,212719564,212714285,5654773184
212719761	212838629,212717101,212719765,212717097
212719765	212721223,212719772,212719761
212719772	212721226,212719776,212719765
212719776	3024553220,1472175334,212719772
212719859	212713404
212719889	212667276,212681135,5646904398
212719968	212649822,212834130,212713217
212719973	212649822,212662481,212901104
212720045	212669334,5694073046,212814456
212720465	212720481,212757788,212789174
212720475	212720491,212759809
212720476	212720475,212650727,212706438
212720481	212720485,212789176,212720465
212720485	212720488,212720481,212753120,212753132
212720488	212720491,212720485,212938747,212797148
212720491	212720488,212759806,212720475
212720919	212804237,212720922,212975334,212779335
212720922	212720926,212747952,212623549,212720919
212720926	212747954,212623551,212673160,212720922
212721082	212721085,212751416,212751414
212721085	212721082,212710692
212721210	212721215,212808900
212721215	212721210,212721217,3092206408
212721217	212863555,212721223,212721215
212721223	212721226,212721217
212721226	212719772,212721223,3092206411,212721232
212721232	3092206405,1472175334,212721226
212721236	212721239,1472175334,3024553219
212721239	212649487,212726768,212721240,212721236
212721240	212726769,212721239,212649491,212599425
212721837	212721840,212688758,212622567
212721840	212721842,212721837,212755227
212721842	212710657,212721840,212755229
212721845	212721848,212710657,212755233
212721848	212721845,212755238,212622579
212721901	212676259,212680133,2669449235
212721910	212623569,2669449235,212841001
212721917	212631391,212838284,212949329
212722438	212654432,212751464,212647055
212722447	212869636,212628155,212654432
212723044	212717306,212681208,212859890
212723300	212712259
212724088	212839968,212694089,212717309
212724662	212724663,212836613,212625688
212724663	212724666,212724662,212909180
212724666	212724669,212724663,212909180
212724669	212724666
212726082	212712546,11049756227,212868499
212726767	212726768
212726768	212721239,3092206404,212726767
212726769	212721240,212726768,3092206403
212726841	212836576,212621622,212836574
212726854	212641442,5771084619
212726977	212631838,9678131795,212884350
212727250	212622670,212683686,212836635
212727332	212713449,212631913,212728138
212727750	212727757,212669815,212732386
212727757	212727750,212728660,212668749
212727766	212713385,1243480501,212901354
212727769	212668864,212713385,212913932
212727781	212727784,212875542,212656797
212727784	212684200
212728112	212728114,212761145
212728114	212728112,212761154,212799388
212728118	212650647,212643317,212713426
212728122	212728123,212650647
212728123	212668897,212728127,212728122
212728127	212713439,212728131,212728123
212728131	212728135,212728127
212728135	212728131,212728138,212713445
212728138	212727332,212668902,212728135
212728141	212728145,212631913
212728145	212728148,212728141,212668906
212728148	212728153,212728145,212713455
212728153	212639725,212728148,212668912,212713458
212728156	212728159,212685975,212668920
212728159	212728162,212728156
212728162	212636852,212728159,212713464
212728167	212728174,212683429,212668935
212728174	212728178,212728167,212841118,212713472
212728178	212728174,212802065,212713475
212728266	212626024
212728332	5780403613,3092206411,212728572
212728572	212836560
212728605	212766065,212728612,5780147440
212728612	212732034,212728615,212728605
212728615	212699598,212728612,212732722
212728618	212728623,212699598,212699579
212728623	212728627,212728618,212599396
212728627	212728630,212728623,212599399
212728630	212728627,212732036,212599402,212728643
212728643	212728647,212891075,212728630
212728647	212728643,212808175,212728650
212728650	212919031,212728647,212728654
212728654	212795345,212728650,5706166196
212728660	212732386,5706166196,212727757
212728664	212668749,212692187,212614775,212956684
212728671	212686291,212638202,212674290
212728675	212650658,212674290,212756302,212685458
212728678	212870105,2092927598,212728681
212728681	212865938,212728678
212728696	5780092909,5780078923,212875756
212728701	212599436,212728705,5779586285,212847333
212728705	5779702238,212728701,5779586284,212799479
212729062	382621051,212719564,382622448,212890675
212729070	212729062,5673324967,212874031
212729193	212853463,212795420,212729196,212627904
212729196	212954490,212777379,212651558,212729193
212729211	212729212,212847321,212704290
212729212	212729213,212729211,212712729
212729213	212729212,212772021,212729215
212729215	212848171,212729219,212729213
212729219	212813903,212772024,212729234,212729215
212729234	212785493,212729219,1296355538
212729245	212729248,212803003,1296355572
212729248	212729245,212837454,9582813684
212729272	5233003573,212657515,9582813684,212686062
212729275	212917239,212729278,212709746
212729278	212917239,212729281,212729275
212729281	212796630,212632066,212729278
212729286	212882776,212660882,212632066
212729296	212729300,212671870,212660882
212729300	212680442,212729296,212827157
212729303	212729307,212680442,5096959789
212729307	212782732,212729303,212729314
212729314	212964829,10899639693,212729307
212729316	5662809704,10899639693
212729322	5662809704,5662809705,6747243404,212859421
212730255	212706441
212730613	212730617,212719170,212813074
212730617	212730613,212676336,212805213
212730653	212730655,212751455,212751457
212730655	212730656,212730653,212599185,212774584
212730656	212730655,212847834,212774587
212730949	212685716,212694334,212869634
212730984	212730986,212865629,212666873
212730986	212730984,212800651,212666879
212731092	3092242313,212874076
212731609	212642331,212643431,212716579
212731612	212716582,212881997,212642331,212643455
212732034	212699595,212728612,212837960
212732036	212699595,212849515,212728630
212732058	5782061697,212663727,212834152
212732065	5779911862,5782061697,212866183,212779617
212732072	212732073,212866183
212732073	212717049,212732072
212732079	212741206,212732088,212717049
212732088	212874199,212733004,212732103,212732079
212732103	212758525,212732105,212732088
212732105	212733004,212893294,212732108,212732103
212732108	212799873,212732105,212799876,212732110
212732110	212732111,212884644,212880158,212732108
212732111	212703156,212669866,212732110,212763681
212732367	212631838,212743434,212743429
212732373	212765242,212629298,212732376
212732376	212773365,212629286,212732373
212732386	212727750,212625997,212728660
212732454	212732457,212719163,212851534
212732457	212732454
212732545	212732548,212769047,212769045
212732548	212820634,212808755,212732549,212732545
212732549	212808750,212732548,212865629
212732556	212706464,212743307,212888545
212732685	212691767,212881997,212760009,212911785
212732722	212728615
212732971	212713488
212733004	212732105,212733017,212732088
212733017	6298295503,212733004,212799876
212733035	6298295500,6298295503,212766046
212733041	212733045,212769024,212805213
212733045	212841039,212733041,212769021
212733066	212683714,212712275,212846894
212733081	212795707,212644690,212662384
212733084	212657283,212662384
212733480	212898222,212736223,212821532
212733855	212809847,212851596,212937563
212734200	212631676,212743056,212809420
212734216	212734219,212712196,212760512
212734219	5743055684,212734216,212760540
212734221	212678173,5799502951
212734229	212678173
212734826	212896053
212734907	212734910,212766086,212771745
212734910	212734907,212771749,8325726312
212735214	212735218,212771425,212874497
212735218	212813998,212735221,212735214
212735221	212822670,212735225,212735218
212735225	212735229,212759882,212759880,212735221
212735229	212735233,212735225,212822674
212735233	212735236,212735229,212822677
212735236	212735233,212735240,212811196,212811199
212735240	212735236
212735697	212857080,212697025,212887930
212735874	212735877,212837798,212837795
212735877	212735874,212964119,212735884
212735884	212898240,212898236,212735877
212735910	212735913,212858645,212795265
212735913	212751947,212849417
212736223	212736227,212743392,212733480
212736227	212736223,212753134,212753132
212736493	212784657,212813886,5703315315
212736854	212762424,212736856,212738027
212736856	212736854
212736952	5766681350,596455861
212736963	212736952,212836576
212736967	212747419,3092206379,212736963
212736970	212736967,212882180
212736973	2680463879,212736970,212882180
212736975	2680463887,212882183,212736973
212736977	212799952,212736979,212736975
212736979	212799952,212736988,212736977
212736988	212736991,212809854,212736979
212736991	212736988,6950487328,212736994
212736994	212766140,212736991,212736997,212648116
212736997	1206847399,2680440156,212736994
212737011	2680440163,212736997
212737022	2680440179,212737011
212737025	212737022
212737028	2680440191,212630609
212737959	212737961,5659796584
212737961	212920416,212737959,5772050603
212737967	212873027,5772050605,212737971
212737971	5661623626,212744307,212737967
212737973	212737975,212913021,212702494
212737975	212737973,212849409,212737977
212737977	212737979,212737975
212737979	212737977,212737981
212737981	212754578,212737979,212737983,212754568
212737983	212839854,212640634,212839850
212737985	212737988,212797174
212737988	212922873,212737997
212737997	212795265
212738006	212738009,212902654,212836609
212738009	212738012,212738006,212763657,212763659
212738012	212738015,212738009,212709108
212738015	212738012,212676875,212625692
212738019	212738022,212625692,212844030,212844028
212738022	212738025,212738019,212844030,212860143
212738025	212738027,212738022,212860143
212738027	212738025,212762426,212736854
212738212	212760028,212738231,212811192
212738231	212738212,212830077,10598277732
212738238	212738241,212884853,212836567
212738241	212738238,212833990,212836568
212738865	1937571848
212738898	382631116
212738989	212615264,212612667
212740204	212601236,1937571856
212740256	5692019244
212741199	212707787,212750317
212741204	212780658,212707787,212741206
212741206	212750320,212681303,212732079,212741204
212741216	212717057,212741219
212741219	212713313,212866184,212741216
212741613	212712521,212814850,212686755
212741616	212741619,212684040,212711038
212741619	212741616,212741622,212775536
212741622	212741619
212742673	212742674
212742674	212742677,212742673,212836517,212836514
212742677	212742679,212742674,212836649
212742679	212742677,212840926,212836647
212742687	212742690,212889396,212836657
212742690	212742687
212742732	212742734,212758162,212715567
212742734	212742736,212742732,12763194447,212686893
212742736	212742738,212742734,12763194447,212686897
212742738	212742736,212742741,212693375,212686899
212742741	212742738,212686905,212715583
212742763	212686896,212691771,212780003
212742793	212742797,212743909,212762442
212742797	212742793,212743912,1206847434
212743056	212832371,212734200,212743121
212743121	212953950,212832371
212743173	212750753,212874499
212743299	212706466,212779406,212743307
212743307	212743299,212732556,212697011
212743392	212743395,212736223,212898222
212743395	212743398,212743392,212753140,212834399
212743398	212743401,212743395,212751726
212743401	212715912,212743398,212753142,212835051
212743417	212743420,212781078,212715912
212743420	212687996,212743417,212753155
212743423	212699146,212753158,212743429,212898232
212743429	212631848,212732367,212743423
212743434	212732367,212898240
212743900	212685987
212743909	212743912,212836618,212742793
212743912	212743909,212742797,212914642
212743993	212846856,212846852,212713452
212744096	212686752,212675284,6273278997
212744307	5661623631,212875506,212980116
212744421	212680369,212650631
212744726	212744728,212866210,212827339
212744728	212744726
212744736	212744738,212768209,212768207
212744738	212744746,212774596,212669820,212744736
212744746	212744738
212744750	212657855,212908690,212846630
212744753	212657855,212823643,212744757,212904177
212744757	212823645,11727907911,212744753
212744762	11727907911,212839919
212744796	212765236,212686850,212787692,212675780
212744803	212675780,212744806,212854062
212744806	212884224,212744803,212788629
212744891	458225176,458225171,212677044
212744911	212744914,212830916,212830914
212744914	212809406,5706037709,212744911
212745042	12213746983,212890690,12213746985
212745051	212745054,212631403,212668904
212745054	212745051,212920059,212890871
212745063	212777898,212745070,212711570
212745070	212711579,212745063
212745151	212711570,212629571,212745154
212745154	212745157,212629572,212745151
212745157	212658897,212745154,3640000651
212746283	212746286,212777928,212777707
212746286	212746283
212746511	212863831,212746515,212894796
212746515	212746519,212850794,212746511
212746519	212746523,212746515,212850824
212746523	212746519,212888530,212641785
212747027	212685691,212828428,212869627
212747419	212836576,212736967,7706740219
212747421	212802825,212908007
212747863	212747865,212858809,212924956,212865602
212747865	212747863,212865602,1379458125
212747940	212747944,212904180,5750012579
212747944	212747940
212747950	3051215090,212779335,212747952
212747952	212747954,212720922,212747950,212799079
212747954	212840998,212720926,212673161,212747952
212747960	212747963,212642952,212836643
212747963	212747960
212747975	212699878,212927406
212748108	212748112,212748294
212748112	212748108,4886771871,212748294
212748153	651254122,4886764504
212748294	4886771872
212749146	212749148
212749148	212611365,212713247,212749146
212749186	212885797,212617575
212749497	212907280,212907277,212643340
212749506	212749509,212643340,212631378,212882890
212749509	212749513,212749506,212631382,212774078
212749513	212749515,212749509,212631386
212749515	212749513,212631389,212838286
212749583	212713413
212750305	212631331,212631338,5787700767
212750317	212801017
212750318	212750317,212741204
212750320	212750318,212927447,212741206
212750325	212750368,212732073,212866183
212750368	212717061,212750325,212750375
212750375	212775800,212929256,212750368
212750720	212811199,212750753
212750753	212743173,212750720
212751377	212599683,212822116,212768435
212751384	212751420,212774080,212685670
212751397	212696430,212751405,212703998
212751405	212696452,212751407,212796370,212751397
212751407	212751410,212796374,212751405
212751410	212751407,212792536,212751412
212751412	212664454,212784106,212751410
212751414	212721082,212664454,212710692
212751416	212721082,212912931,212751419
212751419	212643361,212751416,212884172
212751420	212751384,212643361,212751422
212751422	212751425,212794625,212751420
212751425	212863542,212751422,212751429
212751429	212751425,212670616,212751432
212751432	8579764580,212751434,212751429
212751434	212828428,212751444,212751432
212751444	212623597,212685088,212751434
212751446	212751447,212685088,212761025,212761011
212751447	212751449,212751446
212751449	212751450,212751447,212936368
212751450	212751449,212751452
212751452	212774584,212751455,212751450
212751455	212730653,212751452
212751457	212599182,212730653
212751464	212722438,212751466,212867407
212751466	212654435,212751467,212751464
212751467	212751468,212751466,212830803
212751468	212654439,212751467,212751470
212751470	212853353,5759418146,212751468,5757820707
212751571	212669764,212845873,212708111
212751651	212674294,212842565,212842554
212751726	212753537,212743398,212898223
212751947	212849421,212735913
212751957	10801856436
212751965	212876675,212751957,212945463
212752773	7008496684,212911785,212906211
212753020	212753022,212631341
212753022	212685635,212753020,212938295
212753091	212706411,212670283,212670273,212880717
212753117	212880754,212753120,2897973717
212753120	212797148,212797147,212720485,212753117
212753132	212938747,212736227,212720485
212753134	212810694,212753140,212736227
212753140	212743395,212753142,212753134
212753142	212743401,212753145,212753140
212753145	212887910,212753142,212715915
212753148	212917568,212753152,212715915
212753152	212902086,212753155,212753148
212753155	212743420,212753152,212697147
212753158	212743423,212699148,212631858
212753218	212695893
212753507	5780092910,212865879,212753510
212753510	212674270,5776143580
212753537	212835051,212751726,212753540
212753540	212641549,212753537,212715902
212753555	212641549,212715900,212837781
212753956	212607014,212606996,212613419
212753982	212777675,212691110,1937571829
212753984	212781995,212753986,212691110
212753986	212669775,212945148,212753984
212753990	212684006,212669775
212753993	212684006,212778718,212792948,212714373
212754010	5752535828,212759882
212754208	212754213,212636968,5706104652,5706104651
212754213	212754208
212754341	212754343
212754343	212754341,212866252,212754348,212802862
212754348	212754343
212754454	212836568,212836570,212754457
212754457	212754461,212655309,212833990,212754454
212754461	212754457,212655313,8325726312
212754568	212901134,5676949670,212737981
212754578	212754580,212737981,212717861,212849409
212754580	212814838,212754578,212664685
212754586	212702522,212754589,212839860,212664685
212754589	212684224,212754586
212754592	212754594,212684224,212812097
212754594	212754592,212624909,212839866
212754598	212703241,212970629,212624909,212839872
212754601	212754606,212703241,212772216,212796658
212754606	212754601,212754609,212772213
212754609	212754606,212711335
212754620	212651730,212637250
212754624	212754620,212651728,212637242
212754669	212627954
212754850	212713423,212623889,212643311
212755169	212755171,212866223,212866219
212755171	212710797,212755169,212910413
212755174	212755176,212891073,212710797
212755176	212755174
212755211	212755213,2704451241,212684836
212755213	2704451243,212683574,212755211
212755215	212755218,212674306,2704451182,212804559
212755218	212755215,2704451182,212674814
212755224	212755227,212857300,212688758
212755227	212755229,212755224,212721840
212755229	212710658,212755227,212721842
212755233	212755238,212710658,212721845
212755238	212755233,1280856164,212721848
212755250	212832019,212755256,212759637
212755256	212759582,12185064399,212755250
212755703	212821532,212755708,212757788
212755708	212755703
212755787	212755790,212717087
212755790	212755787
212756293	212881189,212684388
212756295	212756293,212815091,212684390
212756302	212674294,212728675,212865938
212756548	212756555,212766143,212766140
212756555	212809854,212756548,212813939
212756562	5784926665,5784948963
212756566	5782378334,5784544999,3849204653
212756608	212698594,212623593,212643383
212756698	212633051,212838118,212888539
212757364	212757389,212668884,5743055662
212757389	212757364
212757581	212705270,212757589,212687944
212757589	212757581,212681518,212893269
212757725	212757729,11331117519,212859862
212757729	212757733,5746220968,11331117519
212757733	212757729,212780724,5746218293
212757743	5746218293,212666680
212757788	212757794,212755703,212720465
212757794	212665013,212757788,212821536,212718489
212758162	212686893,212742732,212691771
212758272	212650730,212758276,212769200
212758276	212758280,212782287,212758272
212758280	212758283,212758276,212803461,212769207
212758283	212715930,212758280,212769211,212803470
212758326	458225188
212758498	212820920,212758509,212712536
212758509	212917304,212671795,212758512,212758498
212758512	212758509
212758519	212758522,5692019238,212830940
212758522	212876897,212758523,212758519
212758523	212893292,212758525,212758522,1382343036
212758525	212732103,212758523,212893294,212874199
212758719	212656001,212833603,212631648
212758722	212705189,212930230
212759215	212780645,212780647
212759579	212832019,212820904,212759582
212759582	212820907,212755256,212759579
212759637	12185064393,212628116,212755250
212759639	12185064399,212905224,12185064393
212759806	212706430,212720491,212797148
212759809	212720475,212759811,212769194
212759811	212810694,212759817,212759809
212759817	212769207,212759819,212759811
212759819	212769211,212887910,212759817,212715922
212759870	212759872,212761380,212691757,212780001
212759872	212759874,212759870,212761382,212903628
212759874	212759878,212759872,212761384,212866706
212759878	212633137,212759874,212761387,212850067
212759880	212735225,212633137,212822674,212822670
212759882	212735225,212754010,5752535827
212760009	212716582,212732685,212691763
212760013	212780003,212761380,212760015,212691763
212760015	212761382,212760018,212760013,212811189
212760018	212761384,212760021,212760015,212811192
212760021	212760024,212760018,212761387
212760024	212633140,212760021,212760028
212760028	212738212,212811196,212760024
212760512	212734219,212734216
212760540	5743055675,212713396
212760564	212760574,5743055651
212760574	212785310,212760579,212760564
212760579	212760574,212779507,212631346
212760886	212760889,212865891,212865888
212760889	212771738,212760892,212828605
212760892	212760889,212760894,212859588
212760894	212761138,212761135,212760892,212709966
212760897	212709966,212760900,212859593
212760900	212760897
212760971	212760973,212808916,212898197
212760973	212760971
212761011	212836109,212685085,212685698,212751446
212761025	212691731,212936368,212857134,212751446
212761129	212761132,212939875,212828610
212761132	212761135,212761129,212784280,212784277
212761135	212760894,212761132,212771738,212771745
212761138	212760894,212709964,5776017350,212859588
212761139	5776017350,5776017348,3664740498
212761145	3092206378,212761152
212761152	212761145,212728114,212799355
212761154	212761157,212799398,5776017349
212761157	5775999892,212799395
212761380	212761382,212691760,212760013,212759870
212761382	212761384,212761380,212760015,212759872
212761384	212761387,212761382,212760018,212759874
212761387	212761384,10879455354,212759878,212760021
212761615	212684214
212761976	212630444,212703467
212761979	212761982,212703467,212808182
212761982	212761985,212761979,212630450
212761985	212761982,212761988
212761988	212761996,212761985,212792031
212761996	212713400,212761988,2960260967
212762352	212762363,3814924403,212838339
212762363	212714271,212762352,212772328
212762420	212762424
212762424	212736854,212762420,212762442
212762426	212954131,212639785,212738027
212762442	212836613,212762424,212742793
212763124	212662532,212901104,212901114
212763134	212604432,212858130,212874076
212763155	212933212,212737959,212986017
212763166	212763169,212669760,212863137
212763169	212763166,212669736,212863134
212763272	212763276,212706448,212854898
212763276	212763272,212683678,212633047,212696988
212763300	212712195
212763551	212763553,212936377,212867404
212763553	212763555,212763551,212847836,212847834
212763555	212763558,212763553,212771429,212771431
212763558	212763555,5760686155,212853420
212763572	212667607
212763657	212738009,212878183,212709108,212836609
212763659	212738009
212763673	212763675
212763675	212763677,212763673,212669847
212763677	212763675,212669850,212884642,212763679
212763679	212703156,212763677,212884644,212669858
212763681	212763684,212669871,212880158,212732111
212763684	212763681,212763695
212763695	212763698,212763684,212669889
212763698	212763695,212837940,212705247
212764620	212890708,212863153
212764633	212890718,212764620,212863150
212765224	212795732,1294046074
212765233	212787695,1294046074,212765236
212765236	212675783,212744796,212765233
212765238	212674344,212765242,212773365
212765242	212765238,212732373,212834889
212765245	5842735673,212768221,212633068
212765248	212787670,212668635,212765253
212765253	212765248,212673147,212667644
212765257	212673147,212624736,212768219
212765259	212624736,212765260,212768215
212765260	212664874,212765259,212624947
212765262	212650636,212664874,212765265
212765265	212768212,212765262,212765270
212765270	212650634,212765265,212677785
212765274	212677785,212624424,212765276
212765276	212768204,212808727,212765274
212766046	212766048,212866187,212733035
212766048	212766046,212766051,212713316
212766051	212766054,212766048
212766054	212713321,212766057,212766051
212766057	212710762,212713325,5780147440,212766054
212766065	3024553219,212766066,212728605
212766066	212875765,5780092909,5780078913,212766065
212766069	212674268,212599449,212865882,212766072
212766072	8869097446,212828599,3664740493,212766069
212766080	3664740498,3664740493,212893152
212766083	212859593,212902870,212766086,212709953
212766086	212734907,212961622,8325726312,212766083
212766091	212868568,212766092,212655313
212766092	212868541,212766091,212625924
212766094	212950978,212684256,212766098,212625924
212766098	212684259,212863580,212766099,212766094
212766099	212890430,212947856,212766101,212766098
212766101	212908009,212766099,212766106,212890433
212766106	212766109,212825615,212890433,212766101
212766109	212766116,212766106,212850923,212799943
212766116	212882186,212766109,212799945,212766125
212766125	212766129,212913473,212766116
212766129	212766125,212799952,212766134
212766134	212827002,212648116,212766129
212766140	212809854,1206847399,212736994,212756548
212766143	212794837,212766146,212756548
212766146	212846938,212766148,212766143,212871133
212766148	212775846,212766146,212775849,212766154
212766154	212871136,212766156,212766148
212766156	212834521,212766159,212766154
212766159	212871141,212766161,212766156
212766161	212838089,212766163,212766159
212766163	212871144,212622550,212766161
212766165	212766168,212807753,212622550
212766168	212807757,212766173,212766165
212766173	212766168,212807768,212766183
212766183	212893307,212687544,212766173
212766191	212695781,212687544,212766195
212766195	212874906,212766209,212766191
212766209	212965903,212766211,212766195
212766211	212766214,212687557,212766209
212766214	212855105,212766211
212766934	212834446,212660892,850366843
212766955	212766958,212643616,212863140
212766958	212644641,212766955,212663002
212766967	212766971,212839961,212859889
212766971	212766967
212767809	212647069,212787899,212787888
212767812	212647069,212864378,212864391
212767923	212958066,212861688,212710773
212767980	212767987,5799846945,212801916
212767987	212767980,212760564
212768112	212866544,212650510,212813987
212768115	212684192,212871224,3186788681
212768204	212765276,212684819,212768207
212768207	212921570,212744736,212768204
212768209	212774596,212768212,212744736
212768212	212664871,212768209
212768215	212664871,212643822,212765259
212768219	212667644,212643822,212765257
212768221	212765245,212633065,212668639
212768223	212770504,212651614,212768227,212651608
212768227	212834889,212674341,212768223
212768230	212788627,212768242,212674341
212768242	7111517021,212768230,212768251
212768251	212768242
212768435	212599680,212751377,212715919
212769018	212664714,212769021
212769021	212841001,212733045,212769018,212678211
212769024	212623572,212678211,212769027,212733041
212769027	212623569,5842884707,212769024
212769030	212911675,212680126,212719202
212769033	212800651,212769037,212673158
212769037	212935905,212769039,212769033
212769039	212693950,212769037,212645417
212769041	212907938,212769043,212693950
212769043	212820638,212769041,212769045
212769045	212820634,212732545,212769043
212769047	212732545,212645414,2710916708,212808755
212769194	212650727,212769200
212769200	212769207,212769194,212758272
212769207	212769211,212758280,212759817,212769200
212769211	212769207,212758283,212759819,212715927
212769231	212769248,212629121,212623691,212870733
212769248	212769253,212769231,212623688
212769253	212769248,212769278,212870714
212769278	212769253,212623679,212870695
212769343	212787908,212769449,212846660,212679109
212769449	212787908,212868504,212769343
212769461	212769466
212769466	212646238,212769461,212838481
212769675	212872569,212769677,212813912
212769677	212872572,212769679,212769675,212813914
212769679	212873619,212769677,2653824864
212770196	212770198,212657867
212770198	212631644,212930227
212770200	212794630,212705182,212930230
212770457	6854288812,212770507
212770504	212686419,212768223,212770507
212770507	212808335,212861713,212770457,212770504
212770522	5700941729
212771019	212771022,212651718,212712204
212771022	212643285,212651720
212771425	212771429,212822668,212735214
212771429	212763555,212853420,212847836,212771425
212771431	212830803,212867407,212763555
212771738	212761135,212828608,212760889
212771745	212771749,212761135,212984305,212734907
212771749	212771745,212970161,212734910
212771831	212712262
212772021	212772024,212881203,212729213
212772024	212772021,212813912,212772027,212729219
212772027	1296355544,212834405,212772024
212772213	212772216,212839874
212772216	212772213,212754601,212796662
212772286	4123836606,212688668,212654940
212772328	212762363,212890690,12765045831,212772345
212772345	5762758201,212772328
212772881	212599417,212875776,212772884,5779840000
212772884	3092206403,212772881,212599420
212772910	212599465,5780078917
212773076	212773077,212901114,212833904
212773077	212773076
212773083	212773100
212773100	212773083,212874125,212662512
212773365	212732376,212773370,212765238
212773370	212686853,212787682,212773365
212774075	212774078,212930611,212867099
212774078	212749509,212774075,212867102,212882890
212774080	212838287,212685673,212751384
212774584	212774587,212751452,212730655,212883567
212774587	212774584,212730656,212867404
212774596	212774600,212744738,212690110,212768209
212774600	212774602,212774596,212810923
212774602	212774605,212774600,212811209
212774605	212643824,212774602,212690110
212774672	212684834,212786678,212894269
212775338	212887533,212701247,212940245
212775536	212837940,212866195,212741619
212775794	212779642,212686363,212775797
212775797	3092206414,212775794,212692839
212775800	212633598,212750375,3092206414
212775846	212766148,212836609,212836588
212775849	212871133,212766148,212871136
212776857	212776860,5654655137,212616681,212865863
212776860	212776857,2201679389
212777132	212706459,212782287,212683663
212777376	212777379
212777379	212777376,212894220,212729196
212777381	212704281
212777665	212685682,212869627,212838287
212777675	212691106,1937571829,212753982
212777707	212746283,212629571,212777709
212777709	212777707
212777894	212822915,6049883008,212777898
212777898	212745063,212950214,212777894
212777928	212777932,212838304,212746283
212777932	212777934,212777928,212963846
212777934	212777932,212868487,212777938
212777938	212941914,212777934
212778228	212888509,212880469,212643372
212778694	212695891
212778705	212677090
212778718	212714357,212753993,212684006
212779046	212779049,212795017,212671852
212779049	212779046,212788388,212671859
212779335	212747950,212779350,212720919
212779350	212779335
212779406	212706478,212743299,212697015
212779499	212837755,212837752,212779501
212779501	212851062,212779499,212851065
212779507	212779509,212760579
212779509	212779516,212779507,212631355
212779516	212779509,212631359,212785310
212779588	212679115,212706778,212876447
212779617	212779619,212836556
212779619	212841275,5782061697,212779642
212779642	212841275,212779619,212775794
212779892	212881189,212684385,212704301
212780001	212903626,212903628,212759870
212780003	212760013,212742763,212811182
212780176	212839874,212839876
212780645	212759215,4123836606,212627970
212780647	212759215,212627974,212633568
212780655	212707793
212780658	212707793,212612704
212780721	212780724,212696247,11331117519
212780724	212666683,212780721
212780879	212713273
212781071	212781072,212715909,212832024
212781072	212781071,212781078,212832028
212781078	212743417,212825353,212781088,212781072
212781088	212781091,212898230,212781078
212781091	212781088
212781599	212781602,212801448,212666867
212781602	212673134,212781599,212666875,212704327
212781984	212714328,212852636,212781995
212781995	212691095,212753984,212781984,212945148
212782001	212782003,212813912,212881203
212782003	212782001,212908695,212782005,212813914
212782005	212629561,212782003
212782009	212629561,212904184,212782021,212813917
212782021	212714333,212813897,212782009
212782287	212758276,212777132,212803461
212782732	212729307,212680444,212900629
212783821	212889531,212783825,212707750
212783825	212783821
212784022	212711073
212784104	212784106
212784106	212784104,212751412,7121800557
212784110	212712227,212657655,212919337
212784112	212808451,212651743,212712227
212784277	212761132,212814080,212828608
212784280	212761132
212784460	212693955,212888552,212715950,212663368
212784657	212813884,212736493,212687727
212784946	212657700,212799768,212784954,212631810
212784954	212784946
212785310	212779516,212907277,212760574
212785314	212643375,212623593,212863542
212785493	8578523141,212729234,212813903
212785718	212703257,212624278,212796665
212785720	212785724,212912137,212624278,212787662
212785724	212673093,212785720,212896322,212787668
212785923	212625950,212657629,212836573
212785925	212704134,212655329,212851654
212786068	212786071,5676949670,212941079
212786071	212786068,212684779,212941084
212786678	212894273,212684836,212774672
212786681	3590480000,2704451241,2704451181
212787029	212787032,212807515,212794982
212787032	212787029,212671852,212794979,212787042
212787042	212671859,212788366,212787032
212787052	212859865,2201689934,212631625
212787055	212898197,212898191,2201689934
212787650	212703253,212965740,212787652
212787652	5700835257,212787650,212668478
212787662	212677790,212624940,212787665,212785720
212787665	212787668,212787662,212624944
212787668	212624740,212785724,212624947,212787665
212787670	212719149,5842737587,212765248
212787674	212719149,212854535,212787678
212787678	212787674,212706758,212787682,212671951
212787682	212773370,212686856,212787678
212787692	212787695,212686856,212706760,212744796
212787695	212706755,212787692,212765233
212787879	212792453,212787888,6312967235
212787888	212647066,212767809,212787879
212787899	212864391,212675281,212767809
212787901	212884253,212787903,212712513
212787903	212814849,212787901,212787905
212787905	212787908,212887430,212887406,212787903
212787908	212769449,212787905,212769343,212868517
212788366	212787042
212788388	212779049
212788397	212631445,212832768,5757803307
212788417	212659379,5754886410,212846894
212788627	212674342,212788629,212768230
212788629	212788631,212788627,212744806
212788631	212830794,212675771,212788629
212789174	212789176,212797160,212720465
212789176	212789174,212720481,212797164
212792031	5799717022,212713407
212792339	212659167,11907900145,212840896
212792340	212659167,212792342,212836643,212676181
212792342	212888234,212792346,212792340
212792346	212792342,212696240,212907198
212792350	212925967,212696240
212792453	212864375,212837795,212787879,212636952
212792530	212664447,212792536,212685650
212792536	212664450,212751410,212792530
212792612	212792615
212792615	212792617,212792612,212710810
212792617	212625990,212792615,212833210
212792621	212792623,212625990,212710808,5706104607
212792623	212792626,212792621,212678514,212710806
212792626	212792628,212792623,212710805,212678511
212792628	212792632,212792626,212710803,212678503
212792632	212792634,212792628,212710801,212678500
212792634	212792632,212710799,212866223
212792757	212792760,3849204653
212792760	212792757,5782378334,212792764,5784939701
212792764	212834150,212792766,212792760
212792766	212814428,5782975078,212792764
212792941	5650195904,212669771,5650191791,5650209494
212792948	212669771,212753993,212669767
212794625	212794627,12506146849,212751422
212794627	212794625
212794630	212770200
212794837	212794840,212766143,1206847399
212794840	212612865,212794837,2680440156
212794979	212787032,212794982,212683686
212794982	212787029,212683688,212794979
212795017	212696209,212829334,212779046
212795020	212807515,212696209,212807522
212795265	212737997,212735910,212797174
212795345	212728654,212795574,212795571
212795393	212795396,212599465,212873275
212795396	212795402,212795393,212893103
212795402	212795396,212865885,212795406,212865882
212795406	212828605,212828602
212795420	212729193,212894208
212795569	212795571,212919031,212710801
212795571	212795345,212795569,212710803
212795574	212795576,212795345,212710805
212795576	5706174540,212795574,212710806,5706166196
212795707	212644693,212733081
212795715	212654337
212795732	7111517021,212765224
212796358	212631653
212796370	212796374,212631683,212751405
212796374	212707904,212751407
212796627	212796630,212894260,212632056
212796630	212729281,212796627,212632059,212894968
212796658	212754601,212703236,212970635
212796662	212703244,212839874,212772216
212796665	212796662,212785718,5854268693
212796931	212796935,212856746,212856742
212796935	5703315308,212796931,212915661,5703234880
212796953	212796957,212865605,212686770
212796957	212622574,212796953,212685136,212880256
212797147	212753120,212797164,212880756
212797148	212759806,212753120,212720488,212706424
212797160	212797164,212789174,212718489
212797164	212797160,212789176,212797147
212797174	212795265,212640629
212798242	212715655
212799079	212840998,212747952,212808769
212799355	212799388,212761152,212836567
212799388	212884853
212799393	212799395,212961622,212902870
212799395	212799398,212799393,212761157
212799398	212799395,212833988,212761154
212799479	212865873,212828595,212728705
212799702	212799705,212864360,212864373
212799705	212837790,212799702,212687969
212799768	212784946,212631806,212799773
212799773	212799768
212799842	212645679,212799846,212814453
212799846	212684715,212799842,212677101,212684808
212799865	212799869,212702084,212830942
212799869	212893292,212799865,212799873
212799873	212884644,212732108,212893294,212799869
212799876	212880158,212733017,212732108
212799943	212799945,212850920,212766109
212799945	212799943,212799952,212766116,212882183
212799952	212736979,212799945,212766129,212736977
212800429	212821988,212890871
212800565	212631326,212668867,212812471
212800651	212769033,212730986,212673136,212935905
212801013	5784939701,212756562
212801017	212814430,212610658,212801013
212801424	212676616,212654339,212897045
212801441	212666566,212676616,212711353,5676936572
212801442	212851512,212839883,212801445,5676936572
212801445	212666865,212801448
212801448	212781599,212704324
212801916	212801923,212767980,212668892
212801923	212801916,212801925,212899196
212801925	212801923
212801935	1379458125,212807891,212807888
212802065	212728178,212802067,212662364
212802067	212802065,212662361,212713485
212802473	212836668,212802476,212804216
212802476	212802473
212802489	212802492
212802492	212802489,7192475855,212671766
212802819	212802821,212908695,212881203
212802821	212802819
212802825	212802827,212882180,212747421
212802827	212802825,212850920,212893739
212802856	212802862
212802862	2035314425,212802856,212754343
212803003	212803054,212729245,11875716796,212922596
212803054	212803056,212803003,212870507
212803056	212803054,212870507,385944481
212803208	212803210,212904180,212615264
212803210	212803208
212803461	212803464,212810700,212758280,212782287
212803464	212803466,212803461,212811252
212803466	212803464,212811254,212803470
212803470	212715939,212803466,212887914,212758283
212803483	212658688,212842791,212983354
212803489	212658690,212874482,212685933
212804216	212675493,212802473,212836663
212804219	212675493
212804237	212720919,212623547,212804241
212804241	212804237
212804458	212715549,212874858,212643488
212804559	212755215,212674814,212894281
212804982	212709743,212709745,212894260
212805213	212846256,212730617,212733041
212805576	212805578,5757800873,212667844,5757787497
212805578	212805580,212805576,212667848,5757800874
212805580	212805582,212805578,212667851,212831349
212805582	5757803311,212805580,212667868,212874480
212805588	212631459,5757787491,212667895
212807040	212641786,212691898,212888514
212807515	212795020,212787029,212671852
212807522	212839075,212696217,212795020
212807649	212807652,5772050605,212873024
212807652	212807649,212955161,212907759,5772050604
212807753	212766165,212622552,212934104
212807757	212766168,212807753
212807768	212807757,212766173
212807852	212667613
212807888	212801935,212865605,212865602
212807891	212801935,212880256,212908028
212807986	212686291,212842554,212638208
212808175	212728647,212692194,212849518
212808182	212703473
212808332	212808335
212808335	212692259,212808332,212686422,212770507
212808448	212808451,212637269,212712224
212808451	212784112,212808448,212651740
212808650	212808653,212851333
212808653	212808650
212808727	212814462,212765276,212808729,212858645
212808729	5939758542,212624420,212808727,212849424
212808738	212679662,212681410,212665154
212808741	212808744,212895559,212711342
212808744	212704324,212808741,212839878
212808747	212808750,212666867,212851509
212808750	212808747,212732549,212808753
212808753	212808755,212808750,212851512
212808755	212732548,212808753,212820632,212769047
212808767	3051215090,212980332,212808769
212808769	212660800,212808767,212799079
212808771	212676250,212808781
212808781	212950290
212808900	212657803,212848188
212808902	212848198,212717076,212856618
212808913	212808916,5746203909,212707406
212808916	212808913,212601502,212760971
212809406	5706065422,212744914,5706065430
212809420	212705203,212734200,212974605
212809847	212641439,212733855,212836588
212809854	212766140,212756555,212736988
212810486	4574279131,212603854,212633568
212810488	212825565,212810486
212810694	212759811,212753134,212887910,212938747
212810700	212803461,212811252,212811249
212810810	5659796584,212604523
212810923	212774600
212811182	212780003,212811189,212686897
212811189	212811182,212811192,212760015
212811192	212811189,212760018,212738212
212811196	212760028,212822683,212735236
212811199	5752530401,212750720,212735236
212811209	212774602
212811249	212810700
212811252	212811254,212810700,212803464
212811254	212811252,10841317418,212803466
212811257	212811259,10841317418,212887930
212811259	212887914,212811263,212811257
212811263	212838761,212811265,212811259
212811265	212663374,212952026,212811263
212811475	212673313,212837801,212811499
212811499	212703133,1506481468,212811475
212811797	212669700,8434187619,212715862
212811799	212715866,212833229,8434182613
212812022	212812022,8867125646
212812095	1153615421,212684205
212812097	212812095,212684209,212909806
212812100	212708412,212684228,212839866
212812103	212812100,212909824
212812202	212812204,212871860,212609178
212812204	212812202
212812456	212654329,212832795
212812458	212812456,212933261,212933263
212812465	212812471,212668853,212868929
212812471	212800565,212812465,212624731
212812807	1565663289,212921947
212813062	212808182,212761985
212813074	212846256,212730613,212664702
212813872	212813875,212840021,212859896
212813875	212813872
212813884	212687736,212784657,212813886,212687750
212813886	212831580,212813884,212736493
212813897	212835072,212714339,2653824865,212782021
212813903	212848171,212729219,212785493,2704180825
212813912	212772024,212782001,212813914,212769675
212813914	212813912,212782003,212769677,212813917
212813917	2653824864,212813914,212782009
212813939	212846938,212836588,212756555
212813987	212813993,212664648,212768112
212813993	212813987
212813998	212735218,212822670,212822668
212814074	212814080,212849518,212865894
212814080	212784277,212814074,212828610
212814428	212834152,212814430,5784939700
212814430	212750318,212927447
212814442	212662519,212614433
212814453	212669332,212799842
212814456	212720045,212814460,212669332
212814460	212684733,212814462,212814456
212814462	212684740,212808727,212814460
212814834	212982089,212814838,212849409
212814838	212754580,212814843,212814834
212814843	212814838,212982089
212814849	212686755,212787903,212712517
212814850	212626028,212741613,212626021
212814869	212887430,212876447,212626028
212815086	212815091
212815091	212756295,212815086,212908695
212820632	212808755,2710916708,212666566
212820634	212840921,212769045,212820638,212732548
212820638	212769043,212878347,212820634
212820904	212759579,212820907,212839987
212820907	212927241,212759582,212820904
212820920	212758498,212820940,212917304
212820940	212820943,212712544,212820920
212820943	212820940
212821413	212675762,212863140
212821418	212821413,212675766,212852344
212821532	212755703,212821536,212733480
212821536	212665024,212841751,212821532,212757794
212821705	212821706,212898199,212884739
212821706	212821705,2610548551,212851057
212821988	212631419,212890874,212800429
212822116	212599687,212907364,212751377
212822668	212633134,212813998,212771425
212822670	212759880,212813998,212735221
212822674	212822677,212759880,212735229
212822677	212822674,212735233,212822683
212822683	212633140,212822677,212811196
212822691	212822695,212696217,212839072
212822695	212822691
212822913	212822915,212828462,4308105444,6049883009
212822915	212822913,212777894,212828464
212822927	212875776
212823431	212894223
212823455	5757808723,212823461,212654441
212823461	212823455
212823467	212649487,212875756,5779874425
212823509	212603207,212823511,212854862
212823511	212823509,212854869,212623676
212823643	212744753,212823645,212839908
212823645	212744757,212823643,212839912
212825016	212649082,5706037702,212927416
212825097	212713478
212825353	212781078,212898227,212641141
212825565	1409344821,212810488,212681118,212631636
212825615	1472704682,212946091,212766106
212825619	1472704682,212850925,212913465
212826143	212826145
212826145	212826143,212870555,212677050
212826151	212691090
212827002	212827004,212913477,212913473,212766134
212827004	212827002
212827025	212623889,212713442
212827157	212729300,2942721815,212680444
212827339	212866207,212827341,212744726
212827341	212827339
212828196	212828199,212862556,212706758
212828199	212828202,212828196,212841070,212706753
212828202	212857731,212706755,212828199
212828428	212751434,212696868,212747027
212828447	212933256,212962572,212861323,212882005
212828462	212828464,212822913,212836668
212828464	212828469,212828462,212671766,212822915
212828469	212828464,7212275233,7212275235
212828593	3092206395,212836564,212657655
212828595	212799479,5779586284,3092206395
212828597	5779702238,5779586284,5776143580
212828599	212828602,212865882,212766072
212828602	212859588,212828599,212795406
212828605	212795406,212865885,212760889
212828608	212865894,212784277,212771738
212828610	212761129,212828628,212814080
212828628	212865613,212828629,212828610
212828629	212924950,212828635,212828628
212828635	212828647,6300123619,212828629
212828647	212857319,212828649,212688843,212828635
212828649	212613869,212692019,212828647
212828770	212906285,212906274
212828865	212701247
212829040	212837776,212837760
212829207	212862568,212851534,212829211
212829211	212664710,212841041,212829207
212829334	212795017,212840896,212836638
212830077	212830081,212686902,212738231
212830081	212830077,212874499,212874502
212830794	212675774,212884224,212788631
212830803	212867410,212771431,212751467
212830914	5706065422,458225185,212744911
212830916	5706037709,212876699,212744911
212830934	212758519
212830940	212893292,212893288,212799865
212830942	212763675,212884642,212884640
212830944	212905486,212601236
212830953	5700452070,212667633,212870534
212831347	212831349,212898029
212831349	212805580,212831347,212874480,212848210
212831580	212858435,212813886,212687736
212832019	212755250,212759579,212832021
212832021	212832019,212628119,212639526
212832024	212832028,212781071,212898225
212832028	212832024,212874453,212781072
212832273	212642957,212642954,212916267
212832323	212696993,212864013,212706451,212888545
212832368	212832371,212953950
212832371	212743121,212743056
212832383	212696240
212832768	212625412,212788397,212631448
212832795	212933261,212812456
212833210	212792617
212833226	212833229,212863137,212854510
212833229	212833226,212811799,212863132
212833603	212758719,212930227
212833904	212773076,212662532
212833988	212833990,212799398,212961622,212884853
212833990	212754457,212833988,212961625,212738241
212833992	212833995,212655309,212868571
212833995	5776017347,212833992,212868539
212834013	212950978,212625902
212834051	212836573,212834057
212834057	212834013,5779978988,212863580,212834051
212834126	212834130,212898159,212901100,904172135
212834130	212834126,212719968,212920047
212834150	212792764,5784939700
212834152	212814428,212927447,5779911862,212732058
212834216	212834219
212834219	5097204830,212834216,5097204827
212834225	5097204830,11877809832,2773744940
212834399	212743395,212898223,212898222
212834405	212772027
212834446	212766934,212914378,212660888,212709778
212834521	212766156,212871141,212871136
212834889	212674342,212768227,212629295,212765242
212835006	212894793,212835009,212864307
212835009	212835012,212850789,212835006
212835012	212835009,212835015,212850817
212835015	212888520,212888514,212835012
212835051	212743401,212753537,212715905
212835058	212835061,212832795
212835061	212835064,212835058,212901576
212835064	212835061
212835072	212813897,212714345,212714355,212873619
212835382	212849417,212849413,212864043
212836109	212761011,212869630,212685701,212751447
212836125	212678514,458225192,5706104607,212866229
212836514	212742674,212836651,212836649
212836517	212742674,212897961,212840926
212836556	212841275,212775797,3092206422
212836558	212728332
212836560	3092206404,212875776,212772884
212836562	212828593,3092206399
212836564	3092206394,3092206378
212836567	212738238,212799355,212836568
212836568	212754454,212738241,212836567
212836570	212657625,212754454,212655305
212836571	212836572,212657626
212836572	3092206380,5773703888
212836573	212655327,212834051,212785923
212836574	212655327,212726841,212893733,212851657
212836576	212726841,212747419,212736963,212908007
212836588	212813939,212775846,212809847
212836609	212738006,212763657,212775846
212836613	212860143,212762442,212724662
212836618	212836622,212618665,212914642,212743909
212836622	212949116,212836618,212836624
212836624	212618660,212836633,212836622
212836633	212874725,212717111,212836624
212836635	212683688,212727250,212717111
212836638	212696212,212836640,212829334
212836640	212659178,212836638,212836641
212836641	212909006,212836642,212836640
212836642	212836641,212839069,212676181
212836643	212928549,212747960,212792340
212836644	212907198,11907900153,212836647
212836647	212836648,212742679,212836644
212836648	212836649,212836647,212642957
212836649	212742677,212836648,212836514
212836651	212876294,6049883022,212836514
212836657	212742687,212836663,6049883022,212642960
212836663	212889528,212804216,212836657,212878478
212836668	212802473,212600519,212828462
212836693	212658698,212685752,212685937
212836707	212712261
212836797	212836802,212689409,212657718
212836802	212836797,212712540,212657720
212837454	212729248,212894240,212686038
212837750	2334081443,212898792,212682528
212837752	212779499,212851062,212681219,212682528
212837755	212837758,212779499,212859640
212837758	212681310,212837755,212851065
212837760	212851065,212829040,212681310
212837776	212641534,212837779,212829040
212837779	212641536,212837781,212837776
212837781	212641544,212753555,212837779
212837789	212864360,212837790,212641138
212837790	212799705,212837789,212898227
212837791	212864373,212699140,212687969
212837793	212898236,212837795,212636956
212837795	212792453,212735874,212837793
212837798	212864375,212735874,212837799
212837799	212837800,212837798
212837800	212864391,212837799,1506481468
212837801	212811475,212673324,212703133
212837814	212837817,212710766,212687957
212837817	212837814,212710771,212681522
212837940	212763698,212775536,212711038
212837943	212837946,212687944,212913958
212837946	212710762,212837943,212921930
212837960	212732034,212678804,212699593
212838089	212766161,212871144,212871141
212838118	212838120,212756698,212903621
212838120	212838123,212838118,212888536
212838123	212838120,212896536,212888532
212838282	212646069,212643328,212945918
212838284	212838286,212646069,212867099,212721917
212838286	212749515,212838284,212867102
212838287	212774080,212777665,212685678,212670616
212838304	212777928
212838307	212691742,212643419,212843660,212915500
212838309	212691742,212867404,212915503
212838335	3814924404,3814924405
212838339	212762352,3814924404
212838342	212714271,212859862,212838339
212838481	212862558,212838486,212769466
212838486	212841045,212838481,212841053
212838629	212717095,212719761,212863555
212838761	212811263,212888548,212888546
212839069	212839072,212863711,212836642
212839072	212822691,212839069,212909006,212888234
212839075	212807522
212839135	212685724,212869636,212869638
212839148	212839150,212947218,5757820707
212839150	212839153,212839148,212927207
212839153	212839150
212839328	212852420,212839331,212852422
212839331	212839334,212839328,212850796
212839334	212699279,212839331,212850827
212839337	212699279,212888532,212863816
212839353	212662990,212675758,212863142
212839842	212899158,212645672,212839850
212839850	212839842,212901137,212737983,5676949670
212839854	212849411,212737983,212664688,212717861
212839860	212932068,212839863,212664688,212754586
212839863	212839860,212754589,212684228
212839866	212909824,212812100,212624911
212839872	212909375,212754598,212624911,212703244
212839874	212975499,212796662,212780176
212839876	212901093,212780176,212711340
212839878	212808744,212711340,212839883
212839883	212801442,212839878,5676936572
212839905	212846630,212859876,212627960,212657854
212839908	212657854,212859878,212823643,212839912
212839912	212655685,212823645,212839908
212839919	212655685,212713841,212852341,11727907911
212839943	212841332,212713841,212839947
212839947	212859885,212839943,212712168
212839961	212712168,212626681,212845403,212766967
212839964	212626681,212704738,212842940
212839968	212724088,212839971,212859890
212839971	212839968,212715884,212694086,212859892
212839973	212839975,212910599,212715884
212839975	212839973,212839978,212859894
212839978	212839975,212628116,212905224
212839987	212927241,212820904,212839989
212839989	212846625,212839987,212639530
212840021	212813872,212639530,212639526
212840896	212659178,212829334,212792339
212840921	212820634
212840926	212699311,212742679,212836517
212840998	212747954,212673163,212799079,212950425
212841001	212678193,212721910,212769021
212841039	212733045,212664710,212846256
212841041	212857733,212829211,212862560,212841045
212841045	212852281,212838486,212852274,212841041
212841053	212850499,212841059,212838486
212841059	212841053,212646238,212841065
212841065	212846591,212841066,212841059
212841066	212841068,212841065,212846581
212841068	212841066,212841070,212857731
212841070	212841068,212862556,212828199
212841118	212728174
212841189	212707904,212888509,212841200
212841200	212841189
212841275	212836556,212779642,212779619
212841332	212712170,212713847,212841336,212839943
212841336	212841339,212841332,212712172,212713850
212841339	212841336,212712174,212713858,212613419
212841348	212755787,212932582,212848188
212841751	212821536,212641539,212898223
212842161	212842162,212866199,212866202
212842162	212681522,212842161,212893269
212842554	212842565,212751651,212807986
212842565	7085296171,212751651,212842554
212842791	212658692,212709008,212803483
212842940	212842952,212626683
212842952	212842956,212842940,212704744
212842956	212842952,212626685,212842960,212704746
212842960	212704748,212626687,212842956
212843590	212854070,212869632,212654421
212843660	212691747,212643424,212641521,212838307
212844028	212738019,212860143,6254159904
212844030	212625698,212738019,212738022
212844041	212599399
212844498	212844511,5703334985,212974593
212844511	212844513,212844498,5703234875,212974593
212844513	212844511
212844520	212657283
212845403	212712170,212899183,212839961
212845873	212751571,212683752,212863137
212846256	212805213,212813074,212841039
212846581	212646238,212841066,212719152,212862556
212846591	212841065,212850499,212857731
212846625	212927241,212839989,212639534
212846630	212744750,212839905
212846645	212684842,212669853,212669794
212846660	212679112,212868517,212769343
212846796	212626687,212712174,212899185
212846798	11878218185,212715875,212862720
212846849	212846852,212650415,212713445
212846852	212743993,212846849
212846856	212743993,212846860,212651737
212846860	212846869,212846856,212651738
212846869	212846860,212683474,212713458
212846873	212846876,212683474,5788080965
212846876	5788080965,212846873,212713461
212846879	5788080965,212713466,212846882
212846882	212713469,5506357008,212846879
212846893	212683512,212659379,5506357008
212846894	212922285,212733066,212788417
212846935	212846938
212846938	212846935,212766146,212813939
212847321	212729211
212847333	212599439,5776143579,212728701
212847775	212695773,212684737,212684729
212847779	212695773
212847834	212763553,212730656,212599187
212847836	212763553,212771429,212936377,212847838
212847838	212850067,212866706,212847836
212848168	212848171,212851324,2704180825
212848171	212851329,212813903,212729215,212848168
212848188	212717080,212721215,212841348,212808900
212848198	212713318,212856619,212808902
212848207	212848210,212831347
212848210	212848207,212831349,5757800874
212848940	212630613,212737025
212848943	212630613
212849201	212713481
212849212	212681231,212851059,212851057
212849409	212754578,212814834,212737975
212849411	212849413,212839854,212932068
212849413	212835382,212849411,212864043
212849417	212932048,212835382,212735913
212849421	212751947,212858645,212849424
212849424	212808729,212849421
212849515	212732036,212699593,212961307
212849518	212599402,212808175,212814074
212850044	212850047
212850047	212692262,212850044,212677044,212686422
212850067	212847838,212633134,212759878
212850221	212677075
212850499	212841053,212852281,212846591
212850771	212953950,212679755,212707907,212633586
212850787	212835009,212850817,212864307
212850789	212850821,212850791,212894793
212850791	212850824,212746515,212894796
212850794	212852420,212839331,212850827
212850796	212852422,212850834
212850817	212850787,212633586,212864309
212850821	212835012,212888524,212850789
212850824	212850821,212888526,212850791
212850827	212746519,212863834,212850794
212850834	212839334,212850796,212699284
212850913	212624731,212631305,212868929
212850920	212799943,212802827,212882183
212850923	212850925,212882186,212766109,1472704682
212850925	212850923,212825619,212882204
212851057	212849212,212821706,2704252514
212851059	212682530,212849212,212898792
212851062	212779501,4127064597,212837752
212851065	212779501,212837758,212837760
212851324	11148793549,212848168
212851326	212962491,212851324
212851329	212851326,212848171,212704278
212851333	212898450,212851329
212851509	212666865,212851512
212851512	212801442,212851509,212808753
212851523	212668581,3667860789,212859878
212851531	212719163
212851534	212829207,212732454,212862560
212851596	212641442,212937563,212733855
212851654	212704130,212785925
212851657	1143414002,212655329,212836574
212852172	212706443
212852274	212650094,212841045,212862558
212852281	212841045,212857733,212850499
212852325	212631813,212712528,212631802
212852341	212667083,212859880,212839919,212698904
212852342	212744762,11727907912,212713850
212852344	212668489,212643616,212821418
212852420	212839328,212850794,212863831
212852422	212903618,212839328,212850796
212852636	212781984,212691092
212853353	212853356,212751470,5752546607
212853356	212853353
212853420	212771429,212763558,212874497
212853463	212627907,212876122,212729193
212854062	212744803
212854070	212685713,212869634,212843590
212854510	212863134,212833226,212863137
212854535	212787674
212854697	212854701,212856746,212856755
212854701	5703315312,212854697,212915661,212866238
212854862	212854869,212823509,212870786
212854869	212870790,212854862,212823511
212854898	212763272,212699284,212888539
212855105	212766214,212965903
212855858	2704451247,212855858
212856618	212713313,212808902,212717072
212856619	212856620,212848198,212717092
212856620	212856621,212856619,212717099
212856621	212856620,212713325,212717101
212856742	212796931,5703234875,212927416
212856746	212854697,212796931,212915661
212856755	212854697,212866238,212692004
212857080	212735697,212656031,10841317418
212857131	212857134,212698597,212906142
212857134	212691725,212857131,212761025,212936305
212857297	212857300
212857300	212755224,212857303,212609178
212857303	212616121
212857319	212828647
212857731	212846591,212828202,212841068
212857733	212664714,212852281,212841041
212858130	212604432,212874087,212763134
212858374	212858381,212898213,212898205
212858381	11926337910,212858374,212880717
212858435	212831580,212858438,212866249
212858438	212858435
212858564	212654435
212858645	212808727,212735910
212858809	212908893,212747863,6300123618
212859421	212729322,212674302,212683570
212859486	212901131,212901117,212710215
212859588	212760892,212761138,212828602,3664740498
212859593	212709964,212760897,212766083
212859617	5703211019,212677056,212677053
212859640	212837755
212859649	212706433,212863831,212903613,212903618
212859862	5746222889,212838342,212757725,212859865
212859865	212787052,212898191,212859862
212859868	212859870,212880657,212631625
212859870	212859868,4574279131,212603854
212859875	212639650,2704252511,212627970
212859876	212839905,212668581,4580588922
212859878	2704252514,212839908,212851523,212667083
212859880	212859883,212713841,212852341
212859883	212859880,212681219,212859885
212859885	212839947,212859883,212859887
212859887	212957354,212859885,212712165
212859889	212704737,212766967,212712165
212859890	212839968,212723044,212679809
212859892	212679809,212839971,212715886
212859894	212628119,212839975,212715886
212859896	212681153,212813872,5646805086
212859898	212681261,212623658
212860143	212836613,212738022,212738025,212844028
212861290	212712216
212861319	212909806,5661630277,1153615371,1153615421
212861323	212970629,1153615475,212828447
212861684	212861688,212651599,212897155
212861688	212678807,212861684,212767923
212861713	212770507
212862553	212679970,212671980,212671951
212862556	212846581,212828196,212841070
212862558	212838481,212852274,212719155
212862560	5842717472,212841041,212851534
212862568	212664702,212829207,212719166
212862697	212699579
212862720	212706910,212694086,212715880
212863132	212863134,212833229,212669700
212863134	212863132,212854510,212763169
212863137	212833226,212763166,212854510,212845873
212863140	212821413,212662990,212766955
212863142	212675755,212890726,212863145,212839353
212863145	212657860,212890724,212863142
212863147	212890720,212657860,212863150
212863150	212764633,212908690,212863147,212863153
212863153	212678969,212764620,212863150,212627953
212863156	212625533,212627953
212863159	212865863,212663712,212625533
212863542	212785314,212751425,212643368
212863555	212721217,212932582,212838629
212863580	212950978,212766098,212834057
212863582	212684259,212899320,212643002
212863711	212839069
212863816	212839337,212863834
212863821	212691915,212896536
212863831	212746511,212852420,212859649
212863834	212850827,212863816,212888530
212863846	212610673
212864013	212696990,212832323,212683678
212864043	212932068,212849413,212835382
212864074	212620003
212864307	212835006,212880485,212850787
212864309	212880469,212888514,212850817
212864360	212837789,212715898,212799702
212864373	212837791,212799702,212636952
212864375	212792453,212864378,212837798
212864378	212864375,212647066,212767812
212864391	212675287,212837800,212787899,212767812
212865602	212807888,212747865,212747863,212643007
212865605	212796953,212807888,212880256
212865613	212828628
212865629	212878347,212730984,212732549
212865863	212863159,212654928,212776857
212865873	212799479,5779586285,3092206399
212865879	212753507,5776143579,212599442
212865882	212599455,212795402,212766069
212865885	212865888,212795402
212865888	212599482,212760886,212865885
212865891	212865894,212760886,212936181
212865894	212865891,212814074
212865938	212728681,212756302
212866183	212929256,212750325,212732065
212866184	212889684,212741219,212866187
212866187	212975978,212766046,212866184
212866195	212884647,212775536,6298295500
212866199	212893269,212669891,212842161
212866202	212866207,212956056,212842161
212866207	212827339,212866202,212710776
212866210	212744726,212925546,212667623
212866219	212910413,212755169,212667623
212866223	212792634,212866226,212755169
212866226	212678500,212866229,212866223
212866229	212678506,212866226,212836125
212866235	212986133,212649079,5706065431,5706065430
212866237	212692004,212614778,5706065431
212866238	212854701,5703315315,212856755
212866249	2035314425,212687736,212858435,212889388
212866252	212899237,212754343,212629926,212636450
212866544	212768112,3186788681
212866706	212903628,212847838,212759874
212867099	212867102,212774075,212838284
212867102	212867099,212838286,212774078
212867404	212774587,212838309,212763551
212867407	212771431,212599187,212751464
212867410	5752546607,5760686155,212830803
212868487	212777934
212868499	212726082
212868504	212769449
212868517	212846660,212887430,212787908
212868537	212868571,212833995
212868539	212868568,212766092
212868541	212868566,212868544
212868544	212868564,212868547
212868547	212868562,212868550
212868550	212868547
212868562	11880965282,212868547,212868564
212868564	212868544,212868566
212868566	212868541,212766091
212868568	212868539,212833992
212868571	212868537,3092206383
212868929	212850913,212812465,212685595
212868939	458225187
212869627	212685686,212747027,212777665
212869630	212869632,212836109,212751450
212869632	212685710,212843590,212869630
212869634	212730949,212854070,212654424
212869636	212685722,212839135,212722447
212869638	212628461,212874486,212685940,212839135
212869650	212599070
212869676	212706435
212870105	212728678
212870343	4218029698,212942839
212870485	212709743,212686038,212686062
212870507	212803056,212803054,850366886
212870534	212667636,212830953,5706104652
212870555	212826145,212686419,212677047
212870665	212713556,212870790,212624271
212870695	212870714,212624271,212769278
212870714	212870718,212870695
212870718	212870721,212870714,212887543
212870721	212870718,212870733,212769248
212870733	212629117,212870721,212769231
212870786	212870790,212854862,212940289
212870790	212870665,212854869,212870786
212870974	212881997,212643467,212911785
212871133	212775849,212766146,2680440163
212871136	212834521,212766154,212775849
212871141	212838089,212834521,212766159
212871144	212622552,212838089,212766163
212871211	212664669,212871216,212871224
212871216	212871217,212871224,212871211
212871217	212871216
212871224	212871216,212768115,212871211
212871860	212812202
212872569	11875716796,212769675,212872572
212872572	212872575,212908698,212769677,212872569
212872575	212872578,212872572,212873619,212904187
212872578	212872575,212714360,212904187
212873024	212955161,212873027,212807649
212873027	212875517,212737967,212932939,212873024
212873275	212795393
212873619	212769679,212872575,212835072
212873963	212670270,212903613,212873965
212873965	212873963
212874031	904172135,212729070,212874042,12617491022
212874042	212650530,212874031
212874076	212731092,212901104,212763134,212650530
212874087	212858130,212901114
212874125	5661612144,5661617189,212901117
212874192	212681295,5688907865,212874196
212874196	1382343036,212874199,212874192
212874199	212874196,212732088,212681303,212758525
212874453	212832028,212641141,212898225
212874469	212879902,212651764,212661323
212874478	5757800874,5757787497,212892526
212874480	212831349,5757803308,212898029,212805582
212874482	212803489,212685726,212631455
212874486	212983354,212869638,212658684
212874497	212853420,5752535829,212735214
212874499	212743173,212830081
212874502	212830081,212697156
212874725	212836633,212949116,212717114
212874858	212874861,212804458,212715553
212874861	212874858,212911788,212715567
212874906	212965903,212905117,212766195
212875506	212744307,1937571848,212810810
212875517	212873027,212980144,212664669,212955161
212875542	212926509,212727781,212644722
212875568	212896523,212650519,212644722
212875756	212823467,212728696,5780078914
212875765	5780043360,212766066,5780078917
212875776	212822927,212772881,212974766,212836560
212876122	212714294,212876124,212853463
212876124	212704305,212876122,212714296,212954490
212876294	212836651
212876447	212779588,212814869,212656649
212876675	212849424,212751965
212876677	212876675,212920038
212876699	212830916
212876897	212758522
212878183	212763657
212878347	212820638,212865629,212907938
212878392	212711341,212679662,212901096
212878478	212878480,212836663,212642966
212878480	212878478
212878732	212662354,212713497,212945713
212879902	212683512,212874469,212712264
212880158	212763681,212799876,212884647,212732110
212880256	212622570,212865605,212796957,212807891
212880402	2706022236,212925920
212880469	212679758,212864309,212778228
212880485	212705209,212864307,212705201
212880657	212631632,4574279131
212880684	212704742
212880717	212753091,5750045878,212670283,212858381
212880739	5750045878,212880754,2897973718
212880754	212753117,212880756,212880739
212880756	212797147,212880754,212898219
212881189	212881192,212756293,212779892
212881192	212881189,212982209,212881203
212881203	212782001,212802819,212772021,212881192
212881997	212732685,212870974,212731612
212882005	212703228,212882017,212962572,212828447
212882017	212882005
212882180	212882183,212802825,212736970,212736973
212882183	212882180,212799945,212736975,212850920
212882186	212766116,212850923,212882204
212882204	212882207,212913473,212882186,212850925
212882207	212882204
212882772	212882776,212632056,212636358
212882776	212729286,212882772,2942716854,212632059
212882890	212774078,212643336,212749506,212930611
212883567	212774584,212691734,212936368
212884172	212751419
212884224	212675777,212744806,212830794
212884233	212884236,212887406,212897911
212884236	212884233,212884253
212884253	212787901,212884236,212712511
212884347	212884350,212631863
212884350	212726977,212884347,212631848
212884640	212830942
212884642	212763677,212830942,212884644
212884644	212799873,212732110,212763679,212884642
212884647	212866195,212880158,212763684
212884721	212884739,212898199,212627987
212884739	212821705,2704252511
212884853	212833988,212738238
212885595	212965740,212909375
212885797	212749186
212887406	6583892717,212787905,212884233
212887430	212868517,212814869,212787905
212887533	212899585,212775338,212623685
212887543	212870718
212887786	212599396
212887910	212810694,212753145,212715919
212887914	212811259,212803470,212952026
212887930	212888546,212811257,212735697
212888234	212696237,212792342,212839072
212888509	212841189,212778228,212679755
212888514	212835015,212864309,212807040
212888520	212888524,212835015,212807040
212888524	212888520,212850821,212888526
212888526	212641785,212850824,212888524
212888530	212863834,212746523,212691911
212888532	212888534,212839337,212838123
212888534	212888536,212888532,212699281
212888536	212888539,212888534,212838120
212888539	212888536,212633047,212756698,212854898
212888545	212732556,212696996,212832323
212888546	212838761,212887930,212697029
212888548	212888550,212838761,212697032
212888550	212663374,212632079,212888548
212888552	212784460,212693957,212715957
212888810	212684856,212927430,212643868
212889388	212866249
212889396	212707750,212742687,212618056
212889528	212964109,212675489,212836663
212889531	212783821,212675489,212954368
212889684	212866184
212890430	212890433,212766099,5779978988
212890433	212890430,212766106,212893739,212766101
212890446	212890449,212895990,212704744
212890449	212890446
212890675	212729062,212940843,12617491019
212890690	212772328,5762758210,212745042
212890708	212764620,5652164885,212890718
212890718	212764633,212901316,212890720,212890708
212890720	212890724,212890718
212890724	212890726,212890720,212711088,212863145
212890726	212890724,212607180,212863142,212663002
212890741	212630424,212630426
212890871	212800429,212631405,212745054
212890874	212890877,212821988,212920077
212890877	212890879,212890874,212631424
212890879	212692855,212890877,212631434,212668927
212891073	212891075,212710799,212755174
212891075	212891073,212919033,212919031,212728643
212892526	212874478,212848207
212892528	212667844
212893103	212795396
212893152	5776017348,5776143580,212766080,3092206394
212893269	212866199,212842162,212757589
212893288	212830940
212893292	212893294,212830940,212799869,212758523
212893294	212732105,212893292,212758525,212799873
212893307	212766183
212893733	212893739,212836574,5779978988
212893739	212802827,212893733,212908007,212890433
212894206	212691193,212669033
212894208	212795420,212627890,212894220
212894220	212777379,212894208,212651550
212894223	212823431,11148793549,11905213762,212704274
212894240	2704180798,212837454,212930552
212894260	212894968,212804982,212796627
212894269	5663134597,212684831,212774672
212894273	212786678,212900629,212894277
212894277	212683570,212905370,212894273
212894281	4211004905,212804559,212674302
212894779	212894783,212706427,212903613
212894783	212894779
212894793	212835006,212894796,212850789
212894796	212746511,212894793,212850791,212670281
212894968	212917239,212796630,212894260
212895559	212808741,212681413,212704327,212895562
212895562	212681416,212673122,212895559
212895980	212895990
212895990	212921098,212890446,212895980
212896032	5355931362,212734826
212896053	212896032
212896322	212665164,212785724,212673096,212912137
212896466	212896469,458225185,5706098373,652428537
212896469	212896473,212896466,458225192,212636968
212896473	212896469
212896523	212875568
212896536	212838123,212903621,212863821
212897045	212801424,5852369036,212972478
212897155	212861684
212897911	212897915,212884233,212712506
212897915	212897911
212897961	212836517
212898029	212692853,212874480
212898159	212834126,5796924441,212697782
212898187	5746220968,212757743,212898191
212898191	212787055,212898187,212707406
212898197	212787055,212760971,212631636
212898199	212917765,212821705,212688169,212884721
212898205	6026314224,212688169,212858374
212898213	5750045878,212903594,212858374,212898219
212898219	212718489,212880756,212898213
212898222	212743392,212733480,212834399
212898223	212841751,212834399,212751726
212898225	212832024,212715905,212874453
212898227	212825353,212837790,212898230
212898230	212781088,212687972,212898227
212898232	212898236,212743423,212699142
212898236	212735884,212898232,212837793
212898240	212735884,212964119,212628000
212898450	212851333
212898616	1379458561,212908028,212622561
212898792	212837750,212851059
212899158	212899161,212839842,212645675
212899161	212899158,212814453
212899183	212899185,212845403,212626683
212899185	212899183,212626685,212846796,212712172
212899196	212801923,212899986,212668887
212899237	212866252,6298294769
212899320	212863582,212625934,212642998,212684256
212899585	212629124,212887533,212623691
212899983	212899986,5743055654
212899986	212899983,212899196
212900629	212894273,212782732,212905370
212901093	212901096,212839876,212975499
212901096	212878392,212901093,212954356
212901100	212649820,212834126,212874042
212901104	212649820,212719973,212874076,212763124
212901114	212773076,5661570130,212763124
212901117	212947866,212859486,212874125
212901131	212710204,212901134,212859486
212901134	212754568,212941079,212901131
212901137	212640629,212899161,212839850
212901316	212901320,212890718,212711081
212901320	212901316
212901354	212910334,212727766,212713392
212901576	212835061,212703228,212933261
212902086	212753152
212902654	212738006
212902662	212625698
212902870	212799393,212709929
212903594	212898213
212903613	212873963,212894779,212859649
212903618	212852422,212969189,212859649
212903621	212896536,212838118,212696984
212903624	212716579,212691752,212695100
212903626	212691752,212780001,212936377
212903628	212780001,212866706,212759872
212904177	11727907912,212657857,212744753,212675755
212904180	212747940,212803208,212714309
212904184	212629557,212782009,212714323,212714316
212904187	212908698,212872575,212872578,212676321
212904191	212906289,212676321,385944481
212904705	212675783
212905117	212874906,212695821,212695781
212905224	212759639,212910599,212839978
212905251	212713382
212905370	5662809704,212894277,212900629
212905450	212677084,212643845,212677087,5703204592
212905469	212684851,212927430,212905486
212905486	212927432,212905469,212830944
212905710	212691122
212906142	212857131,212643396,212936305,212698594
212906211	212643476,212910450,212752773
212906274	212828770,212714362,212906283
212906283	212906285,212906289,212906274
212906285	212906283,212828770,212906289
212906289	212906283,212904191,212906285
212907198	212792346,212836644,212907219
212907219	212907230,212907221,212907198
212907221	212907237,212907222,212907219
212907222	212907221
212907230	212907219
212907237	212907221
212907274	212907277,212767987
212907277	212749497,212907274,212785310
212907280	212631369,212749497,212643343
212907364	212599691,212822116,212631869
212907759	212807652,212920416,212986017
212907938	212769041,212693947,212878347
212908007	212747421,212836576,212893739
212908009	212947856,212908012,212766101
212908012	212908009,5772088214,212946091
212908026	212924956,1379458125,212908028
212908028	212898616,212908026,212908893,212807891
212908690	212744750,212863150,212657857
212908695	212953790,212802819,212782003,212815091
212908698	212904187,212872572,11875716796,212676319
212908725	212676319
212908893	212858809,212924956,212908028
212908906	212685136
212909006	212696215,212836641,212839072
212909144	212691902
212909180	212724663,212724666,212909189
212909189	212909180
212909375	212703247,212885595,212839872
212909518	212601500,212681106
212909806	212909816,212624908,212812097
212909816	212909806
212909824	212624913
212910334	212910337,212901354,212712194
212910337	212910334
212910413	212755171,212866219,212925540
212910450	212643478,212911788,212906211
212910599	212905224,212927234,212839973
212911675	212769030,212719166,212673136,212666886
212911785	212752773,212732685,212870974
212911788	212874861,212643484,212910450
212912137	212665158,212785720,212896322,212624281
212912929	212912931,212643355,212664447
212912931	212751416,212912929,212643358,212664450
212913021	212913024,212702503,212737973
212913024	212913021,212982089,212702504
212913223	212721085,212923326
212913231	10905035661,212751420,212643365
212913447	5772088214,212643004,212947856
212913465	212946091,212825619,5772088215
212913473	212978554,212827002,212882204,212766125
212913477	212827002
212913487	212664657
212913932	212727769
212913950	212627949
212913958	212837943
212914378	212834446,212660885,850366867
212914642	212743912,212949116,212836618
212915500	212691739,212643412,212838307,212691723
212915503	212691739,212838309,212691734
212915661	5703315318,212856746,212854701,212796935
212916267	212832273
212916340	212668909
212917239	212894968,212729278,212729275
212917304	212758509,212958972,212820920
212917568	212753148
212917765	212627989,212703098,212898199
212917778	212713256
212918283	212668876,212918283
212918449	212955120,2680440152,212955378
212919024	212654439
212919031	212891075,212728650,212795569
212919033	212891075
212919337	212784110,212712219
212919483	212684220
212919795	212650467,5171223655,212940843
212920038	212876677
212920047	212834130
212920059	212920077,212745054,212644158
212920077	212920059,212890874,212668922
212920416	212907759,212986017
212920521	212657625
212920746	212631462,212667898,212685933
212921098	212706910,212895990
212921570	212768207
212921912	212599482
212921930	212837946
212921947	212694050,212812807
212922285	212846894
212922536	212922539,212924661,212933263
212922539	212922536
212922596	212803003
212922873	212737988
212923326	212913223
212924661	212654335,212922536,212711353
212924950	212828629
212924956	212908026,212908893,212747863
212925540	212910413
212925546	212955717,212646220,212866210
212925920	212880402
212925967	212792350
212926509	212875542
212927066	212671870,3149342765,212660874
212927207	212839150
212927234	212910599,212715877,212715875
212927241	212846625,212820907,212839987
212927260	212706914,212921098,212704746
212927400	212927406
212927406	212747975,212927400,5703315315
212927416	5701006483,212856742,212825016,5703334985
212927430	212905469,212888810,212684853
212927432	212684845,212669794,212905486
212927447	212750320,212732072,212834152
212928549	212836643
212929256	212750375,3092206422,212866183
212930227	212657867,212770198
212930230	212631646,212770200,212758722
212930552	212894240
212930611	212882890,212643333,212774075
212932042	212932048
212932048	212932042,1153615384
212932060	5661630269,212664672
212932068	212839860,212864043,212849411
212932432	212644638
212932582	212863555,212841348
212932803	212687544
212932939	212873027,212737971
212933212	212763155,212650493,212604523
212933256	212828447,5675963373
212933261	212901576,212812458
212933263	212970635,212812458,212922536,212654331
212934104	212677523,212670985,212807753
212934238	2706022246,212934238
212935606	212938295,212753020,212631346
212935905	212800651,212693947,212769037
212935954	212706455
212936181	212865891
212936305	212691723,212906142,212857134,212643400
212936368	212761025,212883567,212751449
212936377	212847836,212763551,212903626
212936719	212654333
212937563	212601407,212733855
212938295	212935606,212685642
212938747	212810694,212720488,212759809
212939875	212939878,212761129,212985422
212939878	212939880,212939875,212942592
212939880	212939878
212940203	212718719,212961307,212650119
212940245	212701247,212775338,212623672
212940289	212870786,2056479744,2056479725
212940843	1243480628,212919795,212890675
212941079	212941084,212901134,212786068
212941084	212941079,212710210,212786071
212941255	212714350
212941914	212777938
212942592	212939878
212942839	4218029698,1152532584,212870343,212674822
212945095	212618056
212945148	212781995,212714336,212753986
212945457	212945461
212945461	1153615384,212945457,212684232
212945463	1153615384,212751965,212684236
212945671	212945677,5661612144
212945677	212875506
212945713	212878732
212945918	212949329,212838282,212668902
212946091	212825615,212913465,212908012
212947218	212839148
212947856	212908009,212913447,212766099
212947866	212901117
212949116	212914642,212874725,212836622
212949329	212721917,212631394,212945918
212950214	212777898
212950290	212985588,212705972,212808781
212950425	212680133,212676254,212840998,212705968
212950978	212863580,212625920,212766094,212834013
212952026	212715947,212811265,212887914
212953790	212908695,212977984,212629557,212782005
212953950	212850771,212743121,212832368
212954131	212762426
212954356	212901096,212679659
212954368	212889531
212954490	212704304,212876124,212729196
212955120	2680440179,212918449
212955161	212873024,212807652,212875517
212955345	212704740
212955378	212918449
212955626	5703187402,212667665,212955640
212955640	212955626
212955717	212710778,212925546,212646220
212956016	212654327
212956056	212669887,212866202,212710201
212956684	212728664
212957354	212957383,212859887
212957383	212957354,212681216
212958066	212767923
212958972	212917304
212961307	212718722,212940203,212849515
212961622	212766086,212833988,212961625,212799393
212961625	8325726312,212833990,212961622
212962491	212851326
212962572	212654322,212828447
212962941	212662518
212963838	212696221
212963846	212777932
212964109	212889528
212964119	212735877,212837799
212964794	212964815,361521597,212964829
212964815	212964794,212964815
212964829	212964794,212729314
212965740	212885595,212787650,212668476
212965903	212766209,212855105,212874906
212968067	212643390
212968270	212625696
212968423	3150030766
212969189	212903618
212970161	212771749
212970629	212703236,212754598,212861323,212624908
212970635	212754606,212754609
212970775	212646220
212971974	212616681
212972478	212897045
212974593	212974597,212844498,212844511
212974597	212974593
212974605	212809420,212685987
212974766	212875776
212975334	212720919
212975499	212901093,212954356
212975978	212866187
212977984	212953790
212978554	212913473
212979773	212654331
212980116	212945671,212945677
212980144	212932939,212875517
212980332	212808767
212982089	212814834,212913024,212664679,212814843
212982209	212881192
212983354	212658686,212803483,212874486
212984305	212771745
212985422	212939875
212985588	212950290
212986017	212920416,212907759,212763155
212986133	212866235
212986839	212713222
270327796	4244852007,2706022298
270328139	270328205,212683484
270328205	270328139,270328205
361521597	212964794,361521597
380044877	5659176237
382621051	5654773184,5657719967,1937571837
382622448	380044877,5657719967
382623963	1937571837,5659613295
382631116	5658973425,1937571838
385944481	212803056,212904191,212709787
387546508	9562639879,212617538
391967057	212690367,7828134490,11965951754
391976921	5762185368,5761184744,12765045830
457799205	5646744734,5646828161
457799217	822472538,212740256
458225171	458225173,212744891,212677047
458225173	458225171,458225176,5706085160
458225176	458225173,458225178,212744891
458225178	212702985,458225176,458225185
458225185	458225178,458225187,212830914,212896466
458225187	212868939,458225185,458225188
458225188	212758326,458225187,652428537
458225192	212896469,652428537,212836125
458225193	212612030
559370532	212598955,212607199
560216475	822472559,212607356
596455861	212602178
596457233	212602261
596457246	212599044,212618915
651237790	212708123,5650191791
651254122	212709831,4886764504
652428537	458225188,5706065422,458225192,212896466
810470595	212668639,212667644,212667648
822472510	212610658,822472517,212662481
822472511	822472549,212610662
822472516	212692514
822472517	5673835405
822472528	1037218612,822472516
822472538	822472516
822472549	212738865,1937572775
822472559	212605092,822472538
822473224	212685591
850366843	212766934,212709787,212709778
850366867	212914378,212709778,212709746
850366886	212870507,9582813684
904172135	212834126,212874031,5796924441
924745258	212846630,212627957
924789575	212608828,7768165297
924789640	212615667
924798483	212614918,924798488
924798488	212713366
994317437	212686363
1037218612	5784948963,5784926665
1130095881	212642957
1130096003	212642960
1141792396	1243480501,5740308855
1143413877	212736963,3092206379
1143414002	212851657,212621622,212601449
1152532519	1152532716,1152532584
1152532584	212942839,1152532716,1152532519
1152532696	212674822,212674814,1152532716
1152532716	1152532696,1152532584
1153615371	212624902,212861319,1153615475
1153615384	212945463,212945461
1153615421	212812095,212861319,5661630272
1153615475	212624902,212861323,1153615371
1206847399	212736997,212794837,212766140
1206847434	212742797
1242602978	10032641679,1242603384,212654956
1242603384	2201603429,1242602978
1243480388	5676410960,5171223655
1243480501	212727766,1141792396,212654359
1243480628	212940843
1260394588	212859898,212681261
1260394616	212685602,212657869
1260394686	212667276
1279846205	212699311
1280856164	212755238
1280856199	212638202
1294046074	212765224,212765233
1296355538	1296355544,1296355572,212729234
1296355544	212772027,11875716796,1296355538
1296355572	212729245,4211012772,1296355538
1317843677	4308105444
1379458125	212801935,212747865,212908026
1379458561	212898616,1379458561
1382343036	212874196,212758523,212830934
1409344821	212631641,212631636
1472175334	212721236,212721232,212719776
1472704682	212825619,212825615,212850923
1506481428	212706478,212656031
1506481468	212811499,212837800,1506481498
1506481498	1506481468,1506481498
1564787517	212692010
1564787518	212692015
1564787520	212638208,1564787517,212638205
1564787526	1564787518,212638212,212638208
1565663289	212812807
1566477678	212676181
1937571829	212606996,212777675,212753982
1937571837	5658973425
1937571838	7828091255,212617538
1937571844	212738898
1937571848	212738898
1937571851	5692019223,212614433,5692019231
1937571854	212614433,1937571851
1937571856	458225193
1937571858	212667633,1937571856
1937572775	212740256
2035314425	212802862,212866249,3609396315
2056479725	212940289,212713556
2056479744	212940289,212715866,2056479725
2092927591	2092927598
2092927598	2092927591,212685458,212728678
2201578527	212711103,5762758235
2201603429	2201603444,212745042
2201603444	2201603429,1242603384
2201679389	2201679395
2201679395	2201679389,212776860
2201689934	212787052
2271213766	2942706305,212660882
2334081443	212837750,212681228,212898792
2497180585	212674814
2500057014	212645679,2500057018,212684808
2500057018	2500057014,2500057020,212645672
2500057020	2500057018,212702082,212684779
2610548551	212688184,212821706,6026314227
2653824864	2653824865,212813917,212769679
2653824865	2653824864,212813897,2653828114
2653828114	2653824865
2669449232	212676259,212676256,212705974
2669449235	212676347,212721901,212721910
2680440152	2680440179,212918449
2680440153	212694524,2680440152
2680440156	212794840,2680440163
2680440163	212737011,2680440153,212871133
2680440179	212955120,212737022,2680440191
2680440191	212737028
2680463879	212736973,2680463887
2680463887	212736975,212736977
2704180798	212880402,212894240,2704180825
2704180825	212813903,212848168,2704180798
2704252511	212859875,212668584,7775034927,212884739
2704252514	212668584,212859878,212851057,212681231
2704451181	2704451182,212786681
2704451182	212755215,2704451249,2704451181,212755218
2704451236	2704451241,2704451240,212684834
2704451238	212684829,2704451240,3475199648
2704451240	2704451236,212684831,2704451238
2704451241	2704451243,2704451236,212755211,212786681
2704451243	2704451241,212755213,2704451247
2704451247	2704451249,2704451243,212855858,212683574
2704451249	212674306,2704451247,2704451182
2704467927	3475199648,3590480000
2706022236	2706022350,11905213748
2706022244	5086175720,3238452491,2706022246
2706022246	212934238,2706022319,2706022244
2706022288	3179236461,270327796
2706022298	2706022313,2706022288
2706022313	2706022319,2706022298
2706022319	2706022313,2706022246
2706022350	2706022236,212683484,3238452491
2706024522	212683484,3179236461,9880054985
2710916708	212820632,212769047
2710916768	11905213762,11905213750
2732306269	2706022313,2706022319
2773744899	5097204827,2773744940
2773744940	212834225,2942706305,2773744899
2897973717	212706411,2897973718,212706424,212753117
2897973718	2897973717,212706411,212880739
2926831786	212657515
2942706199	2942706309
2942706303	212660888,5662733156
2942706305	2271213766,2942706303,2773744940
2942706309	212660892,5662733156,212709787
2942716854	212636358,212882776,212660876
2942721815	2942721820,5734352550,212827157
2942721820	5663134584,2942744969
2942744969	3471758857,5663134584,212660874,212636358
2960260967	212630450
3024553219	212766065,3024553220,212721236
3024553220	212719776,3024553219,5780147440
3051215090	212808767,212747950,5846825588
3092206370	212692187
3092206378	212761145,3092206394
3092206379	2680463879,212736967,212641439
3092206380	3092206383,212868537
3092206383	212836571,5773732053
3092206394	212836564,212893152,3092206395
3092206395	212828593,3092206399,212828595
3092206399	3092206402,212865873,212836562
3092206402	212599420,3092206403,212599422
3092206403	212726769,212772884,3092206404
3092206404	212726768,212836560,3092206405
3092206405	212728572,3092206411
3092206408	212836558,5782045688
3092206411	212721226,212728332,3092206408
3092206414	212775797,3092206422
3092206415	212692839,3092206414
3092206417	3092206415,3092206421
3092206421	212721210
3092206422	212929256,3092206833,212836556
3092206833	212779617,212732065
3092242313	212731092,1937571844,212604523
3149342765	212927066
3150030763	3150030767,212627953,3150030765
3150030764	3150030766,212678969
3150030765	3150030763,212627954
3150030766	5369578598,3150030764,212968423
3150030767	3150030773
3150030772	3150030765,3150030767
3150030773	3150030780
3150030779	3150030772,3150030773
3150030780	3150030786,3150030785
3150030785	3150030779
3150030786	3150030764,5369578598
3179236461	2706024522,2706022288,4304816006
3186788668	212644713,212656797,3186788674
3186788674	212646033,212866544
3186788681	3186788668,212768115
3236892829	212623698,212709849
3238452491	2706022244,2706022350
3415688729	212620003,212688668,212654956
3471758857	3475200595,5802511988
3471758858	3475199661,6113542672,212684826
3475196321	3475200595
3475199648	2704467927,3475199657,2704451238
3475199657	212684826,212684829,3475199661
3475199661	3471758858,3596731146
3475199689	3590480000
3475200499	3475196321,5802520700
3475200595	3471758857,2942744969,6113542672
3588438483	3588438484
3588438484	3588438483,212640634,212640629
3590480000	212786681,3475199648,3475200499
3596731146	5734282652,5734352548
3609396315	2035314425
3616412667	5762758217,212654940
3632923442	212664648
3640000651	212629575,212745157,5772756428
3640944021	212676704,212744421,212650628
3664740493	212766080,212766072
3664740498	212766080,212859588,212761139
3665094176	212711073,212890741
3665110734	380044877,5654537913
3667860789	212851523,12284608253
3814924403	212762352,3814948912,3814924405
3814924404	212838335,212838339
3814924405	3814924403,3814924404
3814948912	3814924403,5762185368,5762403212
3849204653	212792757,212610662,212756566
4123836606	212633568,212772286,212603854,212780645
4127064597	212851062,212682530,6026314227
4211004905	4211004905,212894281
4211012772	1296355572
4218029698	212942839,8867119739,212870343
4244852007	270327796,2732306269
4304816006	212625254,5842958175,11900841011,3179236461
4308105444	212600519,212822913,1317843677
4574279131	212810486,212880657,212859870
4580588922	212639650,212859876
4663793373	212681141
4886764504	212748108
4886771871	5156546210,212748112
4886771872	5156546210,4886771871
4952103357	212667276
5086175720	2706022244,270328139
5096959789	212729303
5097204827	2773744899,5097204830
5097204830	212834225,212834219
5156546210	4886771871,212748153
5171223646	1243480388
5171223655	5676410960,212919795
5233003573	212729272,850366886
5272159305	212713519,5515039801,5512204730
5272161833	212683723,5515039801,5667568651
5321981359	5321981363
5321981363	212713519
5325104483	212681141,5646805086
5326532377	212611370
5326532378	5326532377,212611365
5355931362	212734826,212719564
5369578598	3150030785
5506357008	212846882,212713475,212683510,212846893
5512204730	5321981359,5272159305
5515039801	212683734,5272159305,5272161833
5646744734	212623668,6976587297,457799205
5646805086	212623658,212859896,5646828171
5646828161	5646828178,212623658
5646828171	212611316,5646828178
5646828178	212611316,457799205
5646904398	212719889
5647064398	5647064409
5647064409	212603138,5647064398,212619377
5648608718	212603580
5650123982	212603204
5650191791	212792941
5650195904	212708123,212708111,212792941
5650209494	212607014,212666380,212792941
5652164885	212711079,212890708,212627936
5654527629	212894206,212691193
5654537913	5654527629,387546508
5654655128	11965951754,5654655137
5654655137	212776857,5654655128,212654928,10032641679
5654773179	5659543599
5654773184	382621051,5654773179,212719566
5657719967	212617538
5658973425	5659176237
5659176237	212738989
5659543599	212719566,5654773179
5659613295	212604410
5659796584	212810810,5772050603
5661570130	5661612144,212901114,212874087
5661602428	212607356,212741199
5661612144	5661570130,212874125,212773100
5661617189	212945671,5661623631
5661623625	212664672,5661630269
5661623626	212737971,5661623625,212702494
5661623631	212744307,5661623626
5661630261	5661630272,212684200,212684205
5661630269	212932060,212691788,5661630261
5661630272	5661630277,1153615421
5661630277	212861319,5675963322
5662733156	2942706309,2942706199
5662809704	212905370,212729322
5662809705	6747243404,212729322,212674822
5663134578	212684829,5663134597
5663134584	2942721820,6113542672,5734352550
5663134597	212894269,2942721815
5667568651	5764228463,212712275,5272161833
5673324967	5761184744,5673324979
5673324979	212896053
5673835384	212713217,822472528
5673835386	212649825,5673835384
5673835405	822472528,5673835386
5674006678	822472511
5675942248	5675963341,11905213750,5676355157,212654322
5675963322	5675963330
5675963329	5675963322,212727784
5675963330	212933256,5675963373
5675963341	5675963329
5675963373	5675963378
5675963378	5675942248,5675963341
5676355157	5676355158,5171223646
5676355158	5676355157,212650516,5675942248
5676400835	5171223646,5676355158
5676410960	5676400835,212650493
5676936572	212839883,212801441
5676949670	212754568,212786068,212839850
5688879131	212681295
5688893231	212612704,5688907855
5688907855	212612714
5688907865	212874192,5688893231
5692019223	212702082,1937571851,5692019231
5692019231	5692019238
5692019238	212758519,212677130
5692019244	212601283
5694073046	212684729,212669338,212720045
5700452070	212830953
5700533773	212669822,212669833,212693591
5700533774	212693591
5700536522	212693612
5700835257	212787652,212677790,212703257
5700936524	212770522,6854288806
5700941729	6854288800,212626897
5701006483	212927416,212866237
5701015016	5701015018,5706012661
5701015018	5701015016,212604386,212612030
5703187402	212955626
5703187403	212649754
5703204592	212905450
5703211019	212859617
5703234875	212856742,5703234880,212844511
5703234880	5703234875,212699878,212796935
5703315307	212699878
5703315308	212796935
5703315312	212854701
5703315315	212927406,212736493,212866238
5703315318	212915661
5703334985	212844498,212927416,212612030
5706012661	5701015016,212611870
5706037702	212649079,5706037709,212825016
5706037709	212744914,5706037702,212830916
5706065422	212830914,652428537,212809406
5706065430	212809406,212866235,5706104607
5706065431	212649082,212866235,212866237
5706085160	458225173
5706098373	212636968,5706104652,212896466
5706104607	212792621,5706065430,212836125
5706104651	212754208
5706104652	212754208,212870534,5706098373
5706166196	212795576,212728654,212728660
5706174534	5706174545
5706174537	212625997,5706174540,5706174545
5706174540	5706174537,212795576,212710808
5706174541	5706174545
5706174545	5706174537,5706174534,5706174541
5734282652	3596731146,3471758858
5734352548	2942721815,5663134578
5734352550	5734352548,5734282652
5740308855	5674006678,212611370
5741818513	212630295
5743055651	5743055654,212760564
5743055654	212899983,212669395,5743055659
5743055659	212668884,212668881,5743055662
5743055662	212757364,5743055667
5743055667	212713396,5788142197,212645532
5743055675	212630450,212760540,5743055684
5743055684	212734219,212663734
5744725761	212713252,212611370
5745948590	212685591,212681097,212909518
5745991829	212608828,212633578,924789640
5746203909	212681106,212681104,212808913
5746216976	12617491014,212681097
5746218293	212757743,5746220968,212757733
5746218306	212666683,212666680,5746218293
5746220968	212898187,212757729,5746222889
5746222889	212859862,212898187
5750012579	212714316,212598799,212747940
5750045878	212898213,212880739,212880717
5752530401	5752535827,212811199
5752535827	212759882,5752530401
5752535828	212754010,5752535829
5752535829	212874497,5752535828
5752546607	212853353,212867410
5754864982	5764228463
5754886407	5754886410
5754886410	212788417,5754886407,5754886411
5754886411	5754886410
5755193396	212598987
5757787489	5757787491,5757803310,212667892
5757787491	212675308,212805588,5757787489
5757787492	212631465,212667895,212631462
5757787497	212874478,212662364,212805576
5757800873	212805576,212662354,212662361
5757800874	212848210,212874478,212805578
5757803306	5757803309,5757803308,5757803310
5757803307	212631438,212692855,212788397
5757803308	5757803306,212625412,212874480
5757803309	212625650,5757803306,212631455
5757803310	5757787489,5757803311,5757803306
5757803311	5757803310,212805582,212667883
5757808723	212716241,212823455,212628461
5757820707	212839148,212654441,212751470
5759418146	5759418147,212751470
5759418147	5759418146,212681318
5760686155	212867410,212763558
5761184744	212633592,5673324979,391976921,212729070
5762185368	391976921,3814948912,11331117523
5762403212	3814948912,11331117523,5762548685
5762548685	212838335,11331117519,5762403212
5762758201	5762758210
5762758204	3616412667,5762758217
5762758210	5762758245
5762758217	5762758241
5762758233	212772345,5762758201
5762758235	5762758233
5762758241	2201578527,5762758235
5762758245	1242603384,5762758204
5764228463	212601473
5766681350	212621622
5768686876	5771084619
5771084619	5768686876,212726854,5771084621
5771084621	212641439,212641442,5771084619
5771820888	212657655
5772050603	212737961,5772050605,5659796584
5772050604	212664669,212664657,212807652
5772050605	212807649,5772050603,212737967
5772088214	212913447,212908012,5772088215
5772088215	5772088214,212913465,212643007
5772756428	3640000651
5773699633	212834051,212625950,212625902
5773703888	212625950,3092206380
5773732053	212655305,212836571
5775999890	5776017349,5775999892,5776017348
5775999892	212709929,5775999890
5776017347	212625920,212833995,212625902
5776017348	212893152,5775999890,212761139
5776017349	212761154,212728112
5776017350	5776042670,212761139,212761138
5776042670	212709953,5776017350
5776143579	212865879,212847333
5776143580	212828597,212893152,212753510
5779586284	212828597,212728705,212828595
5779586285	212728701,5779586291,212865873
5779586291	212599428,212599436,5779586285
5779702238	212728705,5776143579
5779840000	212772881
5779874425	212823467
5779911862	212732065,212732072,212834152
5779978988	212834057,212890430,212893733
5780043360	212875765
5780078912	5780078918,5780092909,5780078923
5780078913	212766066,5780078912,5780078925
5780078914	5780078924,212875756,212649491
5780078915	5780078917,212599455,212772910
5780078917	212875765,5780078915,5780078913
5780078918	212599445,5780078912,5780078925
5780078922	212599436,5780078918,5780078923
5780078923	212728696,5780078914,5780078922
5780078924	5780078914,5780078922
5780078925	212599449,5780078915,5780078913
5780092909	5780078912,212766066,212728696
5780092910	212599445,212674268,212753507
5780147440	3024553220,212766057,212728605
5780403613	212728332
5782045688	3092206415,3092206421
5782061697	212779619,212732065,212732058
5782378334	212792757
5782975078	212792766
5783025777	212663727
5784544999	212756566
5784663599	212654359
5784926665	3849204653,5784939701
5784939700	212801013,212814428
5784939701	212801013,212834150,212792760
5784948963	5673835405,212610658
5787699502	212668867,5787700767
5787700766	212668876,212668871
5787700767	212750305,5787700766
5787760751	212643326,212643320
5788080965	212846879,212846876,212846873
5788142181	212713419,212668894,212643314
5788142197	2960260967,5743055675
5796924441	212898159
5799502951	212630441
5799717022	212792031
5799846945	212643328,212643326,212767980
5799924878	212631349,212631352
5802511988	5802520693,4304816006
5802520693	5802520700,3475199689
5802520700	5802511988,3475196321
5802926108	6049883022,212945095
5827966648	212611779
5842717472	212862560,212650094,5842735672
5842735672	212666890,212719158,5842717472
5842735673	212679968,212765245,212668635
5842737520	212665214,212719152,212665180
5842737587	212787670,212673089,212665210
5842739022	212665169,212665180,212673099
5842744673	212666886,212666882,212673136
5842884707	212676336,212623563,212769027
5842955303	212808769
5842958175	5842955303,212660800,4304816006
5846825588	3051215090,5846825588
5852278807	212666566,5852278807
5852369036	212897045
5854268693	212665154,212796665
5939758542	212808729
6021698533	6021698536,212681226
6021698536	6021698537,6021698533
6021698537	6021698539,212698899
6021698539	6021698533,6021698537
6026314224	212898205,212688184,6026314227
6026314227	4127064597,2610548551,6026314224
6049883008	6049883009,212777894
6049883009	6049883008,212822913
6049883022	5802926108,212836657,212836651
6113542672	3471758858,5663134584,3475200595
6254159903	212625691,6254159904,212625688
6254159904	212625691,6254159903,212844028
6273278997	212675284,212675287,212744096
6281712201	212705195
6298294742	6367602388,212899237
6298294769	6367602388,6367602386
6298295500	212866195,212733035,6298295503
6298295503	212733017,212733035
6300123618	6300123619,212858809
6300123619	6300123618,212828635
6312967235	212787879,212681204
6367602386	212687750,6367602388
6367602388	6298294742,212687839
6431670366	212715592,212715589
6583892717	212887406
6747243404	212729322,212729316
6854288796	212692283,6854288818
6854288799	6854288796,6854288818
6854288800	6854288799
6854288805	212770522,6854288800
6854288806	6854288805
6854288812	6854288820
6854288817	212770457,6854288812
6854288818	6854288817
6854288820	6854288806,212692259
6937268311	212655995,212685604,212685602
6950487328	212736991
6976587297	6976587297,5646744734
7008496684	212752773
7085296171	212842565
7111517021	212795732,212768242
7121800557	212784106
7188158092	212671766
7192475855	212802492
7212275233	212828469
7212275235	212828469
7244946461	212599422
7535540075	212712217
7706740219	212747421,212747419
7768165296	212618066,7768165297,924789640
7768165297	7768165296,212633568
7775034922	7775034924,5745991829,212633578
7775034924	7775034922,7775034925,212618066
7775034925	212627984,212627979,7775034927
7775034927	2704252511,212627984
7828091255	7828134464,7828134453
7828134453	212663709,7828134464
7828134464	7828134453,11965951755
7828134490	212600981
8325726312	212734910,212961625,212766086,212754461
8434182613	8434187619,212811799
8434187619	212811797,8434182613
8578523141	212785493
8579764580	212751432
8867119739	4218029698,8867119745
8867119745	212648750,8867125646
8867125646	212812022,8867119745
8869097446	3664740493,212766072,212674270
9562639879	387546508
9582813684	212729272,212729248
9678131786	212668784,212694548,212712546
9678131795	212668784,212726977,212694542,212709198
9735631032	212631820,212671778,212657700
9880054985	2706024522
10032641679	1242602978,212616681,5654655137
10598277732	212738231
10801856436	212751947,212751957
10841317418	212811254,212811257,212857080
10842152112	12213746985,212690367,212714285
10879455354	212633137,212633140,212761387
10899639693	212729316,212729314,212964829
10905035661	212913231
11049756227	11049756227,212726082
11148793549	212851324,212894223
11331117519	212780721,212757725,212757729,5762548685
11331117523	5762185368,212713357,5762403212,212633592
11497830554	11497830562,212631305
11497830561	212685599,11497830562,11497830554
11497830562	212631301,11497830554,11497830561
11727907911	212744762,11727907912,212744757
11727907912	212852342,212904177,11727907914
11727907914	212675766,212675762,212821418
11875716796	212872569,1296355544,212803003,212908698
11877809832	212834225
11878218185	212846798,212704748,212706914
11880965282	212868562
11900841011	3475199689,5802520693
11905213748	2710916768,2706022236
11905213750	5675942248,11905213748,2710916768
11905213762	2710916768,11148793549,212894223
11907900145	212642952,11907900149,212792339
11907900149	212642954,11907900153
11907900153	11907900149,212836644,212642952
11926337910	212858381
11965951754	11965951755,7828134490,391967057
11965951755	11965951754,5654655128,212654931
12057494084	212686899
12185064393	212759639,212759637,12185064399
12185064399	212755256,212759639,12185064393
12213746983	212745042,212690367,2201603444
12213746985	10842152112,12213746983
12284608253	3667860789,212657854
12293234438	212668749
12506146849	212794625
12617491014	5746216976,212713273
12617491019	212890675,12617491022
12617491022	12617491019,212874031
12763194447	212715577,212742736,212742734
12765045830	391976921,12765045831
12765045831	212772328,12765045830
